"","raw_f","raw_r"
"/Users/katesheridan/Documents/GitHub/chapter2/rawdata/peco/fastq/12S_PECO_2022_Redos_Run20250301/Analysis/1/Data/fastq/fixed/20250430_EXBLANK-2022-21_S4_R1_001.fastq.gz",23,23
"/Users/katesheridan/Documents/GitHub/chapter2/rawdata/peco/fastq/12S_PECO_2022_Redos_Run20250301/Analysis/1/Data/fastq/fixed/20250430_EXBLANK-2022-22_S5_R1_001.fastq.gz",310,310
"/Users/katesheridan/Documents/GitHub/chapter2/rawdata/peco/fastq/12S_PECO_2022_Redos_Run20250301/Analysis/1/Data/fastq/fixed/20250430_EXBLANK-2022-23_S6_R1_001.fastq.gz",187300,187300
"/Users/katesheridan/Documents/GitHub/chapter2/rawdata/peco/fastq/12S_PECO_2022_Redos_Run20250301/Analysis/1/Data/fastq/fixed/20250430_EXBLANK-2022-24_S7_R1_001.fastq.gz",9885,9885
"/Users/katesheridan/Documents/GitHub/chapter2/rawdata/peco/fastq/12S_PECO_2022_Redos_Run20250301/Analysis/1/Data/fastq/fixed/20250430_EXBLANK-2022-25_S8_R1_001.fastq.gz",99335,99335
"/Users/katesheridan/Documents/GitHub/chapter2/rawdata/peco/fastq/12S_PECO_2022_Redos_Run20250301/Analysis/1/Data/fastq/fixed/20250430_EXBLANK-2022-26_S368_R1_001.fastq.gz",70682,70682
"/Users/katesheridan/Documents/GitHub/chapter2/rawdata/peco/fastq/12S_PECO_2022_Redos_Run20250301/Analysis/1/Data/fastq/fixed/20250430_EXBLANK-2022-27_S369_R1_001.fastq.gz",8,8
"/Users/katesheridan/Documents/GitHub/chapter2/rawdata/peco/fastq/12S_PECO_2022_Redos_Run20250301/Analysis/1/Data/fastq/fixed/20250430_EXBLANK-2022-28_S370_R1_001.fastq.gz",121,121
"/Users/katesheridan/Documents/GitHub/chapter2/rawdata/peco/fastq/12S_PECO_2022_Redos_Run20250301/Analysis/1/Data/fastq/fixed/20250430_EXBLANK-2022-29_S371_R1_001.fastq.gz",13487,13487
"/Users/katesheridan/Documents/GitHub/chapter2/rawdata/peco/fastq/12S_PECO_2022_Redos_Run20250301/Analysis/1/Data/fastq/fixed/20250430_EXBLANK-2022-31_S373_R1_001.fastq.gz",4048,4048
"/Users/katesheridan/Documents/GitHub/chapter2/rawdata/peco/fastq/12S_PECO_2022_Redos_Run20250301/Analysis/1/Data/fastq/fixed/20250430_EXBLANK-2022-33_S375_R1_001.fastq.gz",512,512
"/Users/katesheridan/Documents/GitHub/chapter2/rawdata/peco/fastq/12S_PECO_2022_Redos_Run20250301/Analysis/1/Data/fastq/fixed/20250430_EXBLANK-2022-34_S376_R1_001.fastq.gz",3679,3679
"/Users/katesheridan/Documents/GitHub/chapter2/rawdata/peco/fastq/12S_PECO_2022_Redos_Run20250301/Analysis/1/Data/fastq/fixed/20250430_EXBLANK-2022-35_S377_R1_001.fastq.gz",110224,110224
"/Users/katesheridan/Documents/GitHub/chapter2/rawdata/peco/fastq/12S_PECO_2022_Redos_Run20250301/Analysis/1/Data/fastq/fixed/20250430_EXBLANK-2022-37_S379_R1_001.fastq.gz",244192,244192
"/Users/katesheridan/Documents/GitHub/chapter2/rawdata/peco/fastq/12S_PECO_2022_Redos_Run20250301/Analysis/1/Data/fastq/fixed/20250430_EXBLANK-2022-38_S380_R1_001.fastq.gz",10,10
"/Users/katesheridan/Documents/GitHub/chapter2/rawdata/peco/fastq/12S_PECO_2022_Redos_Run20250301/Analysis/1/Data/fastq/fixed/20250430_EXBLANK-2022-39_S381_R1_001.fastq.gz",9,9
"/Users/katesheridan/Documents/GitHub/chapter2/rawdata/peco/fastq/12S_PECO_2022_Redos_Run20250301/Analysis/1/Data/fastq/fixed/20250430_EXBLANK-2022-40_S382_R1_001.fastq.gz",3,3
"/Users/katesheridan/Documents/GitHub/chapter2/rawdata/peco/fastq/12S_PECO_2022_Redos_Run20250301/Analysis/1/Data/fastq/fixed/20250430_PECOe-456_S9_R1_001.fastq.gz",50,50
"/Users/katesheridan/Documents/GitHub/chapter2/rawdata/peco/fastq/12S_PECO_2022_Redos_Run20250301/Analysis/1/Data/fastq/fixed/20250430_PECOe-457_S10_R1_001.fastq.gz",301919,301919
"/Users/katesheridan/Documents/GitHub/chapter2/rawdata/peco/fastq/12S_PECO_2022_Redos_Run20250301/Analysis/1/Data/fastq/fixed/20250430_PECOe-458_S11_R1_001.fastq.gz",353757,353757
"/Users/katesheridan/Documents/GitHub/chapter2/rawdata/peco/fastq/12S_PECO_2022_Redos_Run20250301/Analysis/1/Data/fastq/fixed/20250430_PECOe-459_S12_R1_001.fastq.gz",251029,251029
"/Users/katesheridan/Documents/GitHub/chapter2/rawdata/peco/fastq/12S_PECO_2022_Redos_Run20250301/Analysis/1/Data/fastq/fixed/20250430_PECOe-460_S13_R1_001.fastq.gz",430,430
"/Users/katesheridan/Documents/GitHub/chapter2/rawdata/peco/fastq/12S_PECO_2022_Redos_Run20250301/Analysis/1/Data/fastq/fixed/20250430_PECOe-462_S15_R1_001.fastq.gz",238388,238388
"/Users/katesheridan/Documents/GitHub/chapter2/rawdata/peco/fastq/12S_PECO_2022_Redos_Run20250301/Analysis/1/Data/fastq/fixed/20250430_PECOe-463_S16_R1_001.fastq.gz",294769,294769
"/Users/katesheridan/Documents/GitHub/chapter2/rawdata/peco/fastq/12S_PECO_2022_Redos_Run20250301/Analysis/1/Data/fastq/fixed/20250430_PECOe-464_S17_R1_001.fastq.gz",505993,505993
"/Users/katesheridan/Documents/GitHub/chapter2/rawdata/peco/fastq/12S_PECO_2022_Redos_Run20250301/Analysis/1/Data/fastq/fixed/20250430_PECOe-465_S18_R1_001.fastq.gz",576549,576549
"/Users/katesheridan/Documents/GitHub/chapter2/rawdata/peco/fastq/12S_PECO_2022_Redos_Run20250301/Analysis/1/Data/fastq/fixed/20250430_PECOe-466_S19_R1_001.fastq.gz",2472,2472
"/Users/katesheridan/Documents/GitHub/chapter2/rawdata/peco/fastq/12S_PECO_2022_Redos_Run20250301/Analysis/1/Data/fastq/fixed/20250430_PECOe-467_S20_R1_001.fastq.gz",34,34
"/Users/katesheridan/Documents/GitHub/chapter2/rawdata/peco/fastq/12S_PECO_2022_Redos_Run20250301/Analysis/1/Data/fastq/fixed/20250430_PECOe-468_S21_R1_001.fastq.gz",530671,530671
"/Users/katesheridan/Documents/GitHub/chapter2/rawdata/peco/fastq/12S_PECO_2022_Redos_Run20250301/Analysis/1/Data/fastq/fixed/20250430_PECOe-469_S22_R1_001.fastq.gz",57,57
"/Users/katesheridan/Documents/GitHub/chapter2/rawdata/peco/fastq/12S_PECO_2022_Redos_Run20250301/Analysis/1/Data/fastq/fixed/20250430_PECOe-470_S23_R1_001.fastq.gz",424391,424391
"/Users/katesheridan/Documents/GitHub/chapter2/rawdata/peco/fastq/12S_PECO_2022_Redos_Run20250301/Analysis/1/Data/fastq/fixed/20250430_PECOe-471_S24_R1_001.fastq.gz",1,1
"/Users/katesheridan/Documents/GitHub/chapter2/rawdata/peco/fastq/12S_PECO_2022_Redos_Run20250301/Analysis/1/Data/fastq/fixed/20250430_PECOe-472_S25_R1_001.fastq.gz",11,11
"/Users/katesheridan/Documents/GitHub/chapter2/rawdata/peco/fastq/12S_PECO_2022_Redos_Run20250301/Analysis/1/Data/fastq/fixed/20250430_PECOe-473_S26_R1_001.fastq.gz",503060,503060
"/Users/katesheridan/Documents/GitHub/chapter2/rawdata/peco/fastq/12S_PECO_2022_Redos_Run20250301/Analysis/1/Data/fastq/fixed/20250430_PECOe-474_S27_R1_001.fastq.gz",20,20
"/Users/katesheridan/Documents/GitHub/chapter2/rawdata/peco/fastq/12S_PECO_2022_Redos_Run20250301/Analysis/1/Data/fastq/fixed/20250430_PECOe-475_S28_R1_001.fastq.gz",38,38
"/Users/katesheridan/Documents/GitHub/chapter2/rawdata/peco/fastq/12S_PECO_2022_Redos_Run20250301/Analysis/1/Data/fastq/fixed/20250430_PECOe-476_S29_R1_001.fastq.gz",5802,5802
"/Users/katesheridan/Documents/GitHub/chapter2/rawdata/peco/fastq/12S_PECO_2022_Redos_Run20250301/Analysis/1/Data/fastq/fixed/20250430_PECOe-478_S31_R1_001.fastq.gz",429827,429827
"/Users/katesheridan/Documents/GitHub/chapter2/rawdata/peco/fastq/12S_PECO_2022_Redos_Run20250301/Analysis/1/Data/fastq/fixed/20250430_PECOe-479_S32_R1_001.fastq.gz",371044,371044
"/Users/katesheridan/Documents/GitHub/chapter2/rawdata/peco/fastq/12S_PECO_2022_Redos_Run20250301/Analysis/1/Data/fastq/fixed/20250430_PECOe-480_S33_R1_001.fastq.gz",305765,305765
"/Users/katesheridan/Documents/GitHub/chapter2/rawdata/peco/fastq/12S_PECO_2022_Redos_Run20250301/Analysis/1/Data/fastq/fixed/20250430_PECOe-482_S35_R1_001.fastq.gz",577457,577457
"/Users/katesheridan/Documents/GitHub/chapter2/rawdata/peco/fastq/12S_PECO_2022_Redos_Run20250301/Analysis/1/Data/fastq/fixed/20250430_PECOe-483_S36_R1_001.fastq.gz",586777,586777
"/Users/katesheridan/Documents/GitHub/chapter2/rawdata/peco/fastq/12S_PECO_2022_Redos_Run20250301/Analysis/1/Data/fastq/fixed/20250430_PECOe-484_S37_R1_001.fastq.gz",400456,400456
"/Users/katesheridan/Documents/GitHub/chapter2/rawdata/peco/fastq/12S_PECO_2022_Redos_Run20250301/Analysis/1/Data/fastq/fixed/20250430_PECOe-485_S38_R1_001.fastq.gz",406419,406419
"/Users/katesheridan/Documents/GitHub/chapter2/rawdata/peco/fastq/12S_PECO_2022_Redos_Run20250301/Analysis/1/Data/fastq/fixed/20250430_PECOe-486_S39_R1_001.fastq.gz",411592,411592
"/Users/katesheridan/Documents/GitHub/chapter2/rawdata/peco/fastq/12S_PECO_2022_Redos_Run20250301/Analysis/1/Data/fastq/fixed/20250430_PECOe-487_S40_R1_001.fastq.gz",2,2
"/Users/katesheridan/Documents/GitHub/chapter2/rawdata/peco/fastq/12S_PECO_2022_Redos_Run20250301/Analysis/1/Data/fastq/fixed/20250430_PECOe-488_S41_R1_001.fastq.gz",429943,429943
"/Users/katesheridan/Documents/GitHub/chapter2/rawdata/peco/fastq/12S_PECO_2022_Redos_Run20250301/Analysis/1/Data/fastq/fixed/20250430_PECOe-489_S42_R1_001.fastq.gz",337109,337109
"/Users/katesheridan/Documents/GitHub/chapter2/rawdata/peco/fastq/12S_PECO_2022_Redos_Run20250301/Analysis/1/Data/fastq/fixed/20250430_PECOe-490_S43_R1_001.fastq.gz",357735,357735
"/Users/katesheridan/Documents/GitHub/chapter2/rawdata/peco/fastq/12S_PECO_2022_Redos_Run20250301/Analysis/1/Data/fastq/fixed/20250430_PECOe-491_S44_R1_001.fastq.gz",1217,1217
"/Users/katesheridan/Documents/GitHub/chapter2/rawdata/peco/fastq/12S_PECO_2022_Redos_Run20250301/Analysis/1/Data/fastq/fixed/20250430_PECOe-493_S46_R1_001.fastq.gz",2,2
"/Users/katesheridan/Documents/GitHub/chapter2/rawdata/peco/fastq/12S_PECO_2022_Redos_Run20250301/Analysis/1/Data/fastq/fixed/20250430_PECOe-494_S47_R1_001.fastq.gz",59,59
"/Users/katesheridan/Documents/GitHub/chapter2/rawdata/peco/fastq/12S_PECO_2022_Redos_Run20250301/Analysis/1/Data/fastq/fixed/20250430_PECOe-495_S48_R1_001.fastq.gz",13,13
"/Users/katesheridan/Documents/GitHub/chapter2/rawdata/peco/fastq/12S_PECO_2022_Redos_Run20250301/Analysis/1/Data/fastq/fixed/20250430_PECOe-496_S49_R1_001.fastq.gz",1,1
"/Users/katesheridan/Documents/GitHub/chapter2/rawdata/peco/fastq/12S_PECO_2022_Redos_Run20250301/Analysis/1/Data/fastq/fixed/20250430_PECOe-498_S51_R1_001.fastq.gz",394835,394835
"/Users/katesheridan/Documents/GitHub/chapter2/rawdata/peco/fastq/12S_PECO_2022_Redos_Run20250301/Analysis/1/Data/fastq/fixed/20250430_PECOe-499_S52_R1_001.fastq.gz",1071512,1071512
"/Users/katesheridan/Documents/GitHub/chapter2/rawdata/peco/fastq/12S_PECO_2022_Redos_Run20250301/Analysis/1/Data/fastq/fixed/20250430_PECOe-500_S53_R1_001.fastq.gz",504206,504206
"/Users/katesheridan/Documents/GitHub/chapter2/rawdata/peco/fastq/12S_PECO_2022_Redos_Run20250301/Analysis/1/Data/fastq/fixed/20250430_PECOe-501_S54_R1_001.fastq.gz",188,188
"/Users/katesheridan/Documents/GitHub/chapter2/rawdata/peco/fastq/12S_PECO_2022_Redos_Run20250301/Analysis/1/Data/fastq/fixed/20250430_PECOe-502_S55_R1_001.fastq.gz",389985,389985
"/Users/katesheridan/Documents/GitHub/chapter2/rawdata/peco/fastq/12S_PECO_2022_Redos_Run20250301/Analysis/1/Data/fastq/fixed/20250430_PECOe-503_S56_R1_001.fastq.gz",137626,137626
"/Users/katesheridan/Documents/GitHub/chapter2/rawdata/peco/fastq/12S_PECO_2022_Redos_Run20250301/Analysis/1/Data/fastq/fixed/20250430_PECOe-504_S57_R1_001.fastq.gz",26,26
"/Users/katesheridan/Documents/GitHub/chapter2/rawdata/peco/fastq/12S_PECO_2022_Redos_Run20250301/Analysis/1/Data/fastq/fixed/20250430_PECOe-505_S58_R1_001.fastq.gz",1,1
"/Users/katesheridan/Documents/GitHub/chapter2/rawdata/peco/fastq/12S_PECO_2022_Redos_Run20250301/Analysis/1/Data/fastq/fixed/20250430_PECOe-506_S59_R1_001.fastq.gz",551861,551861
"/Users/katesheridan/Documents/GitHub/chapter2/rawdata/peco/fastq/12S_PECO_2022_Redos_Run20250301/Analysis/1/Data/fastq/fixed/20250430_PECOe-507_S60_R1_001.fastq.gz",496430,496430
"/Users/katesheridan/Documents/GitHub/chapter2/rawdata/peco/fastq/12S_PECO_2022_Redos_Run20250301/Analysis/1/Data/fastq/fixed/20250430_PECOe-508_S61_R1_001.fastq.gz",527239,527239
"/Users/katesheridan/Documents/GitHub/chapter2/rawdata/peco/fastq/12S_PECO_2022_Redos_Run20250301/Analysis/1/Data/fastq/fixed/20250430_PECOe-509_S62_R1_001.fastq.gz",1,1
"/Users/katesheridan/Documents/GitHub/chapter2/rawdata/peco/fastq/12S_PECO_2022_Redos_Run20250301/Analysis/1/Data/fastq/fixed/20250430_PECOe-510_S63_R1_001.fastq.gz",239,239
"/Users/katesheridan/Documents/GitHub/chapter2/rawdata/peco/fastq/12S_PECO_2022_Redos_Run20250301/Analysis/1/Data/fastq/fixed/20250430_PECOe-511_S64_R1_001.fastq.gz",113,113
"/Users/katesheridan/Documents/GitHub/chapter2/rawdata/peco/fastq/12S_PECO_2022_Redos_Run20250301/Analysis/1/Data/fastq/fixed/20250430_PECOe-512_S65_R1_001.fastq.gz",582885,582885
"/Users/katesheridan/Documents/GitHub/chapter2/rawdata/peco/fastq/12S_PECO_2022_Redos_Run20250301/Analysis/1/Data/fastq/fixed/20250430_PECOe-514_S67_R1_001.fastq.gz",6,6
"/Users/katesheridan/Documents/GitHub/chapter2/rawdata/peco/fastq/12S_PECO_2022_Redos_Run20250301/Analysis/1/Data/fastq/fixed/20250430_PECOe-517_S70_R1_001.fastq.gz",3,3
"/Users/katesheridan/Documents/GitHub/chapter2/rawdata/peco/fastq/12S_PECO_2022_Redos_Run20250301/Analysis/1/Data/fastq/fixed/20250430_PECOe-519_S72_R1_001.fastq.gz",344060,344060
"/Users/katesheridan/Documents/GitHub/chapter2/rawdata/peco/fastq/12S_PECO_2022_Redos_Run20250301/Analysis/1/Data/fastq/fixed/20250430_PECOe-521_S74_R1_001.fastq.gz",467,467
"/Users/katesheridan/Documents/GitHub/chapter2/rawdata/peco/fastq/12S_PECO_2022_Redos_Run20250301/Analysis/1/Data/fastq/fixed/20250430_PECOe-522_S75_R1_001.fastq.gz",543682,543682
"/Users/katesheridan/Documents/GitHub/chapter2/rawdata/peco/fastq/12S_PECO_2022_Redos_Run20250301/Analysis/1/Data/fastq/fixed/20250430_PECOe-523_S76_R1_001.fastq.gz",47,47
"/Users/katesheridan/Documents/GitHub/chapter2/rawdata/peco/fastq/12S_PECO_2022_Redos_Run20250301/Analysis/1/Data/fastq/fixed/20250430_PECOe-524_S77_R1_001.fastq.gz",407011,407011
"/Users/katesheridan/Documents/GitHub/chapter2/rawdata/peco/fastq/12S_PECO_2022_Redos_Run20250301/Analysis/1/Data/fastq/fixed/20250430_PECOe-526_S79_R1_001.fastq.gz",1,1
"/Users/katesheridan/Documents/GitHub/chapter2/rawdata/peco/fastq/12S_PECO_2022_Redos_Run20250301/Analysis/1/Data/fastq/fixed/20250430_PECOe-527_S80_R1_001.fastq.gz",7,7
"/Users/katesheridan/Documents/GitHub/chapter2/rawdata/peco/fastq/12S_PECO_2022_Redos_Run20250301/Analysis/1/Data/fastq/fixed/20250430_PECOe-528_S81_R1_001.fastq.gz",1281,1281
"/Users/katesheridan/Documents/GitHub/chapter2/rawdata/peco/fastq/12S_PECO_2022_Redos_Run20250301/Analysis/1/Data/fastq/fixed/20250430_PECOe-529_S82_R1_001.fastq.gz",528261,528261
"/Users/katesheridan/Documents/GitHub/chapter2/rawdata/peco/fastq/12S_PECO_2022_Redos_Run20250301/Analysis/1/Data/fastq/fixed/20250430_PECOe-532_S85_R1_001.fastq.gz",469595,469595
"/Users/katesheridan/Documents/GitHub/chapter2/rawdata/peco/fastq/12S_PECO_2022_Redos_Run20250301/Analysis/1/Data/fastq/fixed/20250430_PECOe-533_S86_R1_001.fastq.gz",518538,518538
"/Users/katesheridan/Documents/GitHub/chapter2/rawdata/peco/fastq/12S_PECO_2022_Redos_Run20250301/Analysis/1/Data/fastq/fixed/20250430_PECOe-534_S87_R1_001.fastq.gz",406026,406026
"/Users/katesheridan/Documents/GitHub/chapter2/rawdata/peco/fastq/12S_PECO_2022_Redos_Run20250301/Analysis/1/Data/fastq/fixed/20250430_PECOe-535_S88_R1_001.fastq.gz",393264,393264
"/Users/katesheridan/Documents/GitHub/chapter2/rawdata/peco/fastq/12S_PECO_2022_Redos_Run20250301/Analysis/1/Data/fastq/fixed/20250430_PECOe-536_S89_R1_001.fastq.gz",4611,4611
"/Users/katesheridan/Documents/GitHub/chapter2/rawdata/peco/fastq/12S_PECO_2022_Redos_Run20250301/Analysis/1/Data/fastq/fixed/20250430_PECOe-537_S90_R1_001.fastq.gz",618308,618308
"/Users/katesheridan/Documents/GitHub/chapter2/rawdata/peco/fastq/12S_PECO_2022_Redos_Run20250301/Analysis/1/Data/fastq/fixed/20250430_PECOe-538_S91_R1_001.fastq.gz",296,296
"/Users/katesheridan/Documents/GitHub/chapter2/rawdata/peco/fastq/12S_PECO_2022_Redos_Run20250301/Analysis/1/Data/fastq/fixed/20250430_PECOe-539_S92_R1_001.fastq.gz",232,232
"/Users/katesheridan/Documents/GitHub/chapter2/rawdata/peco/fastq/12S_PECO_2022_Redos_Run20250301/Analysis/1/Data/fastq/fixed/20250430_PECOe-540_S93_R1_001.fastq.gz",17,17
"/Users/katesheridan/Documents/GitHub/chapter2/rawdata/peco/fastq/12S_PECO_2022_Redos_Run20250301/Analysis/1/Data/fastq/fixed/20250430_PECOe-541_S94_R1_001.fastq.gz",6,6
"/Users/katesheridan/Documents/GitHub/chapter2/rawdata/peco/fastq/12S_PECO_2022_Redos_Run20250301/Analysis/1/Data/fastq/fixed/20250430_PECOe-543_S1_R1_001.fastq.gz",341480,341480
"/Users/katesheridan/Documents/GitHub/chapter2/rawdata/peco/fastq/12S_PECO_2022_Redos_Run20250301/Analysis/1/Data/fastq/fixed/20250430_PECOe-545_S98_R1_001.fastq.gz",7,7
"/Users/katesheridan/Documents/GitHub/chapter2/rawdata/peco/fastq/12S_PECO_2022_Redos_Run20250301/Analysis/1/Data/fastq/fixed/20250430_PECOe-546_S99_R1_001.fastq.gz",806,806
"/Users/katesheridan/Documents/GitHub/chapter2/rawdata/peco/fastq/12S_PECO_2022_Redos_Run20250301/Analysis/1/Data/fastq/fixed/20250430_PECOe-547_S100_R1_001.fastq.gz",430778,430778
"/Users/katesheridan/Documents/GitHub/chapter2/rawdata/peco/fastq/12S_PECO_2022_Redos_Run20250301/Analysis/1/Data/fastq/fixed/20250430_PECOe-548_S101_R1_001.fastq.gz",514858,514858
"/Users/katesheridan/Documents/GitHub/chapter2/rawdata/peco/fastq/12S_PECO_2022_Redos_Run20250301/Analysis/1/Data/fastq/fixed/20250430_PECOe-549_S102_R1_001.fastq.gz",475314,475314
"/Users/katesheridan/Documents/GitHub/chapter2/rawdata/peco/fastq/12S_PECO_2022_Redos_Run20250301/Analysis/1/Data/fastq/fixed/20250430_PECOe-550_S103_R1_001.fastq.gz",408278,408278
"/Users/katesheridan/Documents/GitHub/chapter2/rawdata/peco/fastq/12S_PECO_2022_Redos_Run20250301/Analysis/1/Data/fastq/fixed/20250430_PECOe-551_S104_R1_001.fastq.gz",26,26
"/Users/katesheridan/Documents/GitHub/chapter2/rawdata/peco/fastq/12S_PECO_2022_Redos_Run20250301/Analysis/1/Data/fastq/fixed/20250430_PECOe-552_S105_R1_001.fastq.gz",541823,541823
"/Users/katesheridan/Documents/GitHub/chapter2/rawdata/peco/fastq/12S_PECO_2022_Redos_Run20250301/Analysis/1/Data/fastq/fixed/20250430_PECOe-553_S106_R1_001.fastq.gz",394118,394118
"/Users/katesheridan/Documents/GitHub/chapter2/rawdata/peco/fastq/12S_PECO_2022_Redos_Run20250301/Analysis/1/Data/fastq/fixed/20250430_PECOe-554_S107_R1_001.fastq.gz",397138,397138
"/Users/katesheridan/Documents/GitHub/chapter2/rawdata/peco/fastq/12S_PECO_2022_Redos_Run20250301/Analysis/1/Data/fastq/fixed/20250430_PECOe-555_S108_R1_001.fastq.gz",316716,316716
"/Users/katesheridan/Documents/GitHub/chapter2/rawdata/peco/fastq/12S_PECO_2022_Redos_Run20250301/Analysis/1/Data/fastq/fixed/20250430_PECOe-556_S109_R1_001.fastq.gz",3,3
"/Users/katesheridan/Documents/GitHub/chapter2/rawdata/peco/fastq/12S_PECO_2022_Redos_Run20250301/Analysis/1/Data/fastq/fixed/20250430_PECOe-557_S110_R1_001.fastq.gz",563586,563586
"/Users/katesheridan/Documents/GitHub/chapter2/rawdata/peco/fastq/12S_PECO_2022_Redos_Run20250301/Analysis/1/Data/fastq/fixed/20250430_PECOe-558_S111_R1_001.fastq.gz",472583,472583
"/Users/katesheridan/Documents/GitHub/chapter2/rawdata/peco/fastq/12S_PECO_2022_Redos_Run20250301/Analysis/1/Data/fastq/fixed/20250430_PECOe-559_S112_R1_001.fastq.gz",353617,353617
"/Users/katesheridan/Documents/GitHub/chapter2/rawdata/peco/fastq/12S_PECO_2022_Redos_Run20250301/Analysis/1/Data/fastq/fixed/20250430_PECOe-560_S113_R1_001.fastq.gz",480596,480596
"/Users/katesheridan/Documents/GitHub/chapter2/rawdata/peco/fastq/12S_PECO_2022_Redos_Run20250301/Analysis/1/Data/fastq/fixed/20250430_PECOe-561_S114_R1_001.fastq.gz",2,2
"/Users/katesheridan/Documents/GitHub/chapter2/rawdata/peco/fastq/12S_PECO_2022_Redos_Run20250301/Analysis/1/Data/fastq/fixed/20250430_PECOe-562_S115_R1_001.fastq.gz",581918,581918
"/Users/katesheridan/Documents/GitHub/chapter2/rawdata/peco/fastq/12S_PECO_2022_Redos_Run20250301/Analysis/1/Data/fastq/fixed/20250430_PECOe-563_S116_R1_001.fastq.gz",571429,571429
"/Users/katesheridan/Documents/GitHub/chapter2/rawdata/peco/fastq/12S_PECO_2022_Redos_Run20250301/Analysis/1/Data/fastq/fixed/20250430_PECOe-564_S117_R1_001.fastq.gz",617344,617344
"/Users/katesheridan/Documents/GitHub/chapter2/rawdata/peco/fastq/12S_PECO_2022_Redos_Run20250301/Analysis/1/Data/fastq/fixed/20250430_PECOe-565_S118_R1_001.fastq.gz",539325,539325
"/Users/katesheridan/Documents/GitHub/chapter2/rawdata/peco/fastq/12S_PECO_2022_Redos_Run20250301/Analysis/1/Data/fastq/fixed/20250430_PECOe-566_S119_R1_001.fastq.gz",184,184
"/Users/katesheridan/Documents/GitHub/chapter2/rawdata/peco/fastq/12S_PECO_2022_Redos_Run20250301/Analysis/1/Data/fastq/fixed/20250430_PECOe-567_S120_R1_001.fastq.gz",535545,535545
"/Users/katesheridan/Documents/GitHub/chapter2/rawdata/peco/fastq/12S_PECO_2022_Redos_Run20250301/Analysis/1/Data/fastq/fixed/20250430_PECOe-568_S121_R1_001.fastq.gz",468252,468252
"/Users/katesheridan/Documents/GitHub/chapter2/rawdata/peco/fastq/12S_PECO_2022_Redos_Run20250301/Analysis/1/Data/fastq/fixed/20250430_PECOe-569_S122_R1_001.fastq.gz",373401,373401
"/Users/katesheridan/Documents/GitHub/chapter2/rawdata/peco/fastq/12S_PECO_2022_Redos_Run20250301/Analysis/1/Data/fastq/fixed/20250430_PECOe-570_S123_R1_001.fastq.gz",553979,553979
"/Users/katesheridan/Documents/GitHub/chapter2/rawdata/peco/fastq/12S_PECO_2022_Redos_Run20250301/Analysis/1/Data/fastq/fixed/20250430_PECOe-571_S124_R1_001.fastq.gz",41,41
"/Users/katesheridan/Documents/GitHub/chapter2/rawdata/peco/fastq/12S_PECO_2022_Redos_Run20250301/Analysis/1/Data/fastq/fixed/20250430_PECOe-572_S125_R1_001.fastq.gz",187,187
"/Users/katesheridan/Documents/GitHub/chapter2/rawdata/peco/fastq/12S_PECO_2022_Redos_Run20250301/Analysis/1/Data/fastq/fixed/20250430_PECOe-573_S126_R1_001.fastq.gz",391330,391330
"/Users/katesheridan/Documents/GitHub/chapter2/rawdata/peco/fastq/12S_PECO_2022_Redos_Run20250301/Analysis/1/Data/fastq/fixed/20250430_PECOe-574_S127_R1_001.fastq.gz",389488,389488
"/Users/katesheridan/Documents/GitHub/chapter2/rawdata/peco/fastq/12S_PECO_2022_Redos_Run20250301/Analysis/1/Data/fastq/fixed/20250430_PECOe-575_S128_R1_001.fastq.gz",450,450
"/Users/katesheridan/Documents/GitHub/chapter2/rawdata/peco/fastq/12S_PECO_2022_Redos_Run20250301/Analysis/1/Data/fastq/fixed/20250430_PECOe-581_S129_R1_001.fastq.gz",2,2
"/Users/katesheridan/Documents/GitHub/chapter2/rawdata/peco/fastq/12S_PECO_2022_Redos_Run20250301/Analysis/1/Data/fastq/fixed/20250430_PECOe-582_S130_R1_001.fastq.gz",455216,455216
"/Users/katesheridan/Documents/GitHub/chapter2/rawdata/peco/fastq/12S_PECO_2022_Redos_Run20250301/Analysis/1/Data/fastq/fixed/20250430_PECOe-583_S131_R1_001.fastq.gz",518548,518548
"/Users/katesheridan/Documents/GitHub/chapter2/rawdata/peco/fastq/12S_PECO_2022_Redos_Run20250301/Analysis/1/Data/fastq/fixed/20250430_PECOe-584_S132_R1_001.fastq.gz",682578,682578
"/Users/katesheridan/Documents/GitHub/chapter2/rawdata/peco/fastq/12S_PECO_2022_Redos_Run20250301/Analysis/1/Data/fastq/fixed/20250430_PECOe-585_S133_R1_001.fastq.gz",519336,519336
"/Users/katesheridan/Documents/GitHub/chapter2/rawdata/peco/fastq/12S_PECO_2022_Redos_Run20250301/Analysis/1/Data/fastq/fixed/20250430_PECOe-586_S134_R1_001.fastq.gz",69,69
"/Users/katesheridan/Documents/GitHub/chapter2/rawdata/peco/fastq/12S_PECO_2022_Redos_Run20250301/Analysis/1/Data/fastq/fixed/20250430_PECOe-587_S135_R1_001.fastq.gz",228,228
"/Users/katesheridan/Documents/GitHub/chapter2/rawdata/peco/fastq/12S_PECO_2022_Redos_Run20250301/Analysis/1/Data/fastq/fixed/20250430_PECOe-588_S136_R1_001.fastq.gz",478826,478826
"/Users/katesheridan/Documents/GitHub/chapter2/rawdata/peco/fastq/12S_PECO_2022_Redos_Run20250301/Analysis/1/Data/fastq/fixed/20250430_PECOe-589_S137_R1_001.fastq.gz",512666,512666
"/Users/katesheridan/Documents/GitHub/chapter2/rawdata/peco/fastq/12S_PECO_2022_Redos_Run20250301/Analysis/1/Data/fastq/fixed/20250430_PECOe-590_S138_R1_001.fastq.gz",446062,446062
"/Users/katesheridan/Documents/GitHub/chapter2/rawdata/peco/fastq/12S_PECO_2022_Redos_Run20250301/Analysis/1/Data/fastq/fixed/20250430_PECOe-592_S140_R1_001.fastq.gz",20,20
"/Users/katesheridan/Documents/GitHub/chapter2/rawdata/peco/fastq/12S_PECO_2022_Redos_Run20250301/Analysis/1/Data/fastq/fixed/20250430_PECOe-593_S141_R1_001.fastq.gz",413,413
"/Users/katesheridan/Documents/GitHub/chapter2/rawdata/peco/fastq/12S_PECO_2022_Redos_Run20250301/Analysis/1/Data/fastq/fixed/20250430_PECOe-594_S142_R1_001.fastq.gz",4,4
"/Users/katesheridan/Documents/GitHub/chapter2/rawdata/peco/fastq/12S_PECO_2022_Redos_Run20250301/Analysis/1/Data/fastq/fixed/20250430_PECOe-595_S143_R1_001.fastq.gz",256,256
"/Users/katesheridan/Documents/GitHub/chapter2/rawdata/peco/fastq/12S_PECO_2022_Redos_Run20250301/Analysis/1/Data/fastq/fixed/20250430_PECOe-596_S144_R1_001.fastq.gz",59,59
"/Users/katesheridan/Documents/GitHub/chapter2/rawdata/peco/fastq/12S_PECO_2022_Redos_Run20250301/Analysis/1/Data/fastq/fixed/20250430_PECOe-597_S145_R1_001.fastq.gz",649,649
"/Users/katesheridan/Documents/GitHub/chapter2/rawdata/peco/fastq/12S_PECO_2022_Redos_Run20250301/Analysis/1/Data/fastq/fixed/20250430_PECOe-598_S146_R1_001.fastq.gz",197,197
"/Users/katesheridan/Documents/GitHub/chapter2/rawdata/peco/fastq/12S_PECO_2022_Redos_Run20250301/Analysis/1/Data/fastq/fixed/20250430_PECOe-599_S147_R1_001.fastq.gz",596193,596193
"/Users/katesheridan/Documents/GitHub/chapter2/rawdata/peco/fastq/12S_PECO_2022_Redos_Run20250301/Analysis/1/Data/fastq/fixed/20250430_PECOe-602_S150_R1_001.fastq.gz",398504,398504
"/Users/katesheridan/Documents/GitHub/chapter2/rawdata/peco/fastq/12S_PECO_2022_Redos_Run20250301/Analysis/1/Data/fastq/fixed/20250430_PECOe-603_S151_R1_001.fastq.gz",486491,486491
"/Users/katesheridan/Documents/GitHub/chapter2/rawdata/peco/fastq/12S_PECO_2022_Redos_Run20250301/Analysis/1/Data/fastq/fixed/20250430_PECOe-604_S152_R1_001.fastq.gz",454660,454660
"/Users/katesheridan/Documents/GitHub/chapter2/rawdata/peco/fastq/12S_PECO_2022_Redos_Run20250301/Analysis/1/Data/fastq/fixed/20250430_PECOe-605_S153_R1_001.fastq.gz",426542,426542
"/Users/katesheridan/Documents/GitHub/chapter2/rawdata/peco/fastq/12S_PECO_2022_Redos_Run20250301/Analysis/1/Data/fastq/fixed/20250430_PECOe-616_S154_R1_001.fastq.gz",364180,364180
"/Users/katesheridan/Documents/GitHub/chapter2/rawdata/peco/fastq/12S_PECO_2022_Redos_Run20250301/Analysis/1/Data/fastq/fixed/20250430_PECOe-617_S155_R1_001.fastq.gz",7705,7705
"/Users/katesheridan/Documents/GitHub/chapter2/rawdata/peco/fastq/12S_PECO_2022_Redos_Run20250301/Analysis/1/Data/fastq/fixed/20250430_PECOe-618_S156_R1_001.fastq.gz",429621,429621
"/Users/katesheridan/Documents/GitHub/chapter2/rawdata/peco/fastq/12S_PECO_2022_Redos_Run20250301/Analysis/1/Data/fastq/fixed/20250430_PECOe-619_S157_R1_001.fastq.gz",383329,383329
"/Users/katesheridan/Documents/GitHub/chapter2/rawdata/peco/fastq/12S_PECO_2022_Redos_Run20250301/Analysis/1/Data/fastq/fixed/20250430_PECOe-620_S158_R1_001.fastq.gz",462070,462070
"/Users/katesheridan/Documents/GitHub/chapter2/rawdata/peco/fastq/12S_PECO_2022_Redos_Run20250301/Analysis/1/Data/fastq/fixed/20250430_PECOe-621_S159_R1_001.fastq.gz",42,42
"/Users/katesheridan/Documents/GitHub/chapter2/rawdata/peco/fastq/12S_PECO_2022_Redos_Run20250301/Analysis/1/Data/fastq/fixed/20250430_PECOe-622_S160_R1_001.fastq.gz",343313,343313
"/Users/katesheridan/Documents/GitHub/chapter2/rawdata/peco/fastq/12S_PECO_2022_Redos_Run20250301/Analysis/1/Data/fastq/fixed/20250430_PECOe-623_S161_R1_001.fastq.gz",1,1
"/Users/katesheridan/Documents/GitHub/chapter2/rawdata/peco/fastq/12S_PECO_2022_Redos_Run20250301/Analysis/1/Data/fastq/fixed/20250430_PECOe-624_S162_R1_001.fastq.gz",42,42
"/Users/katesheridan/Documents/GitHub/chapter2/rawdata/peco/fastq/12S_PECO_2022_Redos_Run20250301/Analysis/1/Data/fastq/fixed/20250430_PECOe-625_S163_R1_001.fastq.gz",627462,627462
"/Users/katesheridan/Documents/GitHub/chapter2/rawdata/peco/fastq/12S_PECO_2022_Redos_Run20250301/Analysis/1/Data/fastq/fixed/20250430_PECOe-631_S164_R1_001.fastq.gz",173234,173234
"/Users/katesheridan/Documents/GitHub/chapter2/rawdata/peco/fastq/12S_PECO_2022_Redos_Run20250301/Analysis/1/Data/fastq/fixed/20250430_PECOe-632_S165_R1_001.fastq.gz",68,68
"/Users/katesheridan/Documents/GitHub/chapter2/rawdata/peco/fastq/12S_PECO_2022_Redos_Run20250301/Analysis/1/Data/fastq/fixed/20250430_PECOe-633_S166_R1_001.fastq.gz",584214,584214
"/Users/katesheridan/Documents/GitHub/chapter2/rawdata/peco/fastq/12S_PECO_2022_Redos_Run20250301/Analysis/1/Data/fastq/fixed/20250430_PECOe-634_S167_R1_001.fastq.gz",494,494
"/Users/katesheridan/Documents/GitHub/chapter2/rawdata/peco/fastq/12S_PECO_2022_Redos_Run20250301/Analysis/1/Data/fastq/fixed/20250430_PECOe-635_S168_R1_001.fastq.gz",410032,410032
"/Users/katesheridan/Documents/GitHub/chapter2/rawdata/peco/fastq/12S_PECO_2022_Redos_Run20250301/Analysis/1/Data/fastq/fixed/20250430_PECOe-636_S169_R1_001.fastq.gz",98511,98511
"/Users/katesheridan/Documents/GitHub/chapter2/rawdata/peco/fastq/12S_PECO_2022_Redos_Run20250301/Analysis/1/Data/fastq/fixed/20250430_PECOe-637_S170_R1_001.fastq.gz",1,1
"/Users/katesheridan/Documents/GitHub/chapter2/rawdata/peco/fastq/12S_PECO_2022_Redos_Run20250301/Analysis/1/Data/fastq/fixed/20250430_PECOe-639_S172_R1_001.fastq.gz",511,511
"/Users/katesheridan/Documents/GitHub/chapter2/rawdata/peco/fastq/12S_PECO_2022_Redos_Run20250301/Analysis/1/Data/fastq/fixed/20250430_PECOe-640_S173_R1_001.fastq.gz",301,301
"/Users/katesheridan/Documents/GitHub/chapter2/rawdata/peco/fastq/12S_PECO_2022_Redos_Run20250301/Analysis/1/Data/fastq/fixed/20250430_PECOe-641_S174_R1_001.fastq.gz",119,119
"/Users/katesheridan/Documents/GitHub/chapter2/rawdata/peco/fastq/12S_PECO_2022_Redos_Run20250301/Analysis/1/Data/fastq/fixed/20250430_PECOe-642_S175_R1_001.fastq.gz",329666,329666
"/Users/katesheridan/Documents/GitHub/chapter2/rawdata/peco/fastq/12S_PECO_2022_Redos_Run20250301/Analysis/1/Data/fastq/fixed/20250430_PECOe-643_S176_R1_001.fastq.gz",338724,338724
"/Users/katesheridan/Documents/GitHub/chapter2/rawdata/peco/fastq/12S_PECO_2022_Redos_Run20250301/Analysis/1/Data/fastq/fixed/20250430_PECOe-645_S178_R1_001.fastq.gz",8,8
"/Users/katesheridan/Documents/GitHub/chapter2/rawdata/peco/fastq/12S_PECO_2022_Redos_Run20250301/Analysis/1/Data/fastq/fixed/20250430_PECOe-646_S179_R1_001.fastq.gz",561031,561031
"/Users/katesheridan/Documents/GitHub/chapter2/rawdata/peco/fastq/12S_PECO_2022_Redos_Run20250301/Analysis/1/Data/fastq/fixed/20250430_PECOe-647_S180_R1_001.fastq.gz",3,3
"/Users/katesheridan/Documents/GitHub/chapter2/rawdata/peco/fastq/12S_PECO_2022_Redos_Run20250301/Analysis/1/Data/fastq/fixed/20250430_PECOe-648_S181_R1_001.fastq.gz",1254,1254
"/Users/katesheridan/Documents/GitHub/chapter2/rawdata/peco/fastq/12S_PECO_2022_Redos_Run20250301/Analysis/1/Data/fastq/fixed/20250430_PECOe-650_S183_R1_001.fastq.gz",10926,10926
"/Users/katesheridan/Documents/GitHub/chapter2/rawdata/peco/fastq/12S_PECO_2022_Redos_Run20250301/Analysis/1/Data/fastq/fixed/20250430_PECOe-651_S184_R1_001.fastq.gz",17,17
"/Users/katesheridan/Documents/GitHub/chapter2/rawdata/peco/fastq/12S_PECO_2022_Redos_Run20250301/Analysis/1/Data/fastq/fixed/20250430_PECOe-652_S185_R1_001.fastq.gz",320,320
"/Users/katesheridan/Documents/GitHub/chapter2/rawdata/peco/fastq/12S_PECO_2022_Redos_Run20250301/Analysis/1/Data/fastq/fixed/20250430_PECOe-653_S186_R1_001.fastq.gz",206642,206642
"/Users/katesheridan/Documents/GitHub/chapter2/rawdata/peco/fastq/12S_PECO_2022_Redos_Run20250301/Analysis/1/Data/fastq/fixed/20250430_PECOe-654_S187_R1_001.fastq.gz",445375,445375
"/Users/katesheridan/Documents/GitHub/chapter2/rawdata/peco/fastq/12S_PECO_2022_Redos_Run20250301/Analysis/1/Data/fastq/fixed/20250430_PECOe-662_S190_R1_001.fastq.gz",115,115
"/Users/katesheridan/Documents/GitHub/chapter2/rawdata/peco/fastq/12S_PECO_2022_Redos_Run20250301/Analysis/1/Data/fastq/fixed/20250430_PECOe-663_S191_R1_001.fastq.gz",557988,557988
"/Users/katesheridan/Documents/GitHub/chapter2/rawdata/peco/fastq/12S_PECO_2022_Redos_Run20250301/Analysis/1/Data/fastq/fixed/20250430_PECOe-664_S2_R1_001.fastq.gz",14525,14525
"/Users/katesheridan/Documents/GitHub/chapter2/rawdata/peco/fastq/12S_PECO_2022_Redos_Run20250301/Analysis/1/Data/fastq/fixed/20250430_PECOe-665_S193_R1_001.fastq.gz",175,175
"/Users/katesheridan/Documents/GitHub/chapter2/rawdata/peco/fastq/12S_PECO_2022_Redos_Run20250301/Analysis/1/Data/fastq/fixed/20250430_PECOe-681_S194_R1_001.fastq.gz",41364,41364
"/Users/katesheridan/Documents/GitHub/chapter2/rawdata/peco/fastq/12S_PECO_2022_Redos_Run20250301/Analysis/1/Data/fastq/fixed/20250430_PECOe-682_S195_R1_001.fastq.gz",467507,467507
"/Users/katesheridan/Documents/GitHub/chapter2/rawdata/peco/fastq/12S_PECO_2022_Redos_Run20250301/Analysis/1/Data/fastq/fixed/20250430_PECOe-683_S196_R1_001.fastq.gz",568917,568917
"/Users/katesheridan/Documents/GitHub/chapter2/rawdata/peco/fastq/12S_PECO_2022_Redos_Run20250301/Analysis/1/Data/fastq/fixed/20250430_PECOe-684_S197_R1_001.fastq.gz",548766,548766
"/Users/katesheridan/Documents/GitHub/chapter2/rawdata/peco/fastq/12S_PECO_2022_Redos_Run20250301/Analysis/1/Data/fastq/fixed/20250430_PECOe-685_S198_R1_001.fastq.gz",630965,630965
"/Users/katesheridan/Documents/GitHub/chapter2/rawdata/peco/fastq/12S_PECO_2022_Redos_Run20250301/Analysis/1/Data/fastq/fixed/20250430_PECOe-686_S199_R1_001.fastq.gz",414884,414884
"/Users/katesheridan/Documents/GitHub/chapter2/rawdata/peco/fastq/12S_PECO_2022_Redos_Run20250301/Analysis/1/Data/fastq/fixed/20250430_PECOe-687_S200_R1_001.fastq.gz",293024,293024
"/Users/katesheridan/Documents/GitHub/chapter2/rawdata/peco/fastq/12S_PECO_2022_Redos_Run20250301/Analysis/1/Data/fastq/fixed/20250430_PECOe-688_S201_R1_001.fastq.gz",342577,342577
"/Users/katesheridan/Documents/GitHub/chapter2/rawdata/peco/fastq/12S_PECO_2022_Redos_Run20250301/Analysis/1/Data/fastq/fixed/20250430_PECOe-689_S202_R1_001.fastq.gz",256280,256280
"/Users/katesheridan/Documents/GitHub/chapter2/rawdata/peco/fastq/12S_PECO_2022_Redos_Run20250301/Analysis/1/Data/fastq/fixed/20250430_PECOe-690_S203_R1_001.fastq.gz",415594,415594
"/Users/katesheridan/Documents/GitHub/chapter2/rawdata/peco/fastq/12S_PECO_2022_Redos_Run20250301/Analysis/1/Data/fastq/fixed/20250430_PECOe-691_S204_R1_001.fastq.gz",101,101
"/Users/katesheridan/Documents/GitHub/chapter2/rawdata/peco/fastq/12S_PECO_2022_Redos_Run20250301/Analysis/1/Data/fastq/fixed/20250430_PECOe-692_S205_R1_001.fastq.gz",425170,425170
"/Users/katesheridan/Documents/GitHub/chapter2/rawdata/peco/fastq/12S_PECO_2022_Redos_Run20250301/Analysis/1/Data/fastq/fixed/20250430_PECOe-693_S206_R1_001.fastq.gz",405144,405144
"/Users/katesheridan/Documents/GitHub/chapter2/rawdata/peco/fastq/12S_PECO_2022_Redos_Run20250301/Analysis/1/Data/fastq/fixed/20250430_PECOe-694_S207_R1_001.fastq.gz",358859,358859
"/Users/katesheridan/Documents/GitHub/chapter2/rawdata/peco/fastq/12S_PECO_2022_Redos_Run20250301/Analysis/1/Data/fastq/fixed/20250430_PECOe-695_S208_R1_001.fastq.gz",554342,554342
"/Users/katesheridan/Documents/GitHub/chapter2/rawdata/peco/fastq/12S_PECO_2022_Redos_Run20250301/Analysis/1/Data/fastq/fixed/20250430_PECOe-696_S209_R1_001.fastq.gz",24,24
"/Users/katesheridan/Documents/GitHub/chapter2/rawdata/peco/fastq/12S_PECO_2022_Redos_Run20250301/Analysis/1/Data/fastq/fixed/20250430_PECOe-697_S210_R1_001.fastq.gz",355613,355613
"/Users/katesheridan/Documents/GitHub/chapter2/rawdata/peco/fastq/12S_PECO_2022_Redos_Run20250301/Analysis/1/Data/fastq/fixed/20250430_PECOe-698_S211_R1_001.fastq.gz",521369,521369
"/Users/katesheridan/Documents/GitHub/chapter2/rawdata/peco/fastq/12S_PECO_2022_Redos_Run20250301/Analysis/1/Data/fastq/fixed/20250430_PECOe-700_S213_R1_001.fastq.gz",403602,403602
"/Users/katesheridan/Documents/GitHub/chapter2/rawdata/peco/fastq/12S_PECO_2022_Redos_Run20250301/Analysis/1/Data/fastq/fixed/20250430_PECOe-702_S215_R1_001.fastq.gz",491519,491519
"/Users/katesheridan/Documents/GitHub/chapter2/rawdata/peco/fastq/12S_PECO_2022_Redos_Run20250301/Analysis/1/Data/fastq/fixed/20250430_PECOe-703_S216_R1_001.fastq.gz",445614,445614
"/Users/katesheridan/Documents/GitHub/chapter2/rawdata/peco/fastq/12S_PECO_2022_Redos_Run20250301/Analysis/1/Data/fastq/fixed/20250430_PECOe-704_S217_R1_001.fastq.gz",385900,385900
"/Users/katesheridan/Documents/GitHub/chapter2/rawdata/peco/fastq/12S_PECO_2022_Redos_Run20250301/Analysis/1/Data/fastq/fixed/20250430_PECOe-705_S218_R1_001.fastq.gz",439250,439250
"/Users/katesheridan/Documents/GitHub/chapter2/rawdata/peco/fastq/12S_PECO_2022_Redos_Run20250301/Analysis/1/Data/fastq/fixed/20250430_PECOe-706_S219_R1_001.fastq.gz",405514,405514
"/Users/katesheridan/Documents/GitHub/chapter2/rawdata/peco/fastq/12S_PECO_2022_Redos_Run20250301/Analysis/1/Data/fastq/fixed/20250430_PECOe-707_S220_R1_001.fastq.gz",500400,500400
"/Users/katesheridan/Documents/GitHub/chapter2/rawdata/peco/fastq/12S_PECO_2022_Redos_Run20250301/Analysis/1/Data/fastq/fixed/20250430_PECOe-708_S221_R1_001.fastq.gz",657,657
"/Users/katesheridan/Documents/GitHub/chapter2/rawdata/peco/fastq/12S_PECO_2022_Redos_Run20250301/Analysis/1/Data/fastq/fixed/20250430_PECOe-709_S222_R1_001.fastq.gz",131,131
"/Users/katesheridan/Documents/GitHub/chapter2/rawdata/peco/fastq/12S_PECO_2022_Redos_Run20250301/Analysis/1/Data/fastq/fixed/20250430_PECOe-710_S223_R1_001.fastq.gz",70,70
"/Users/katesheridan/Documents/GitHub/chapter2/rawdata/peco/fastq/12S_PECO_2022_Redos_Run20250301/Analysis/1/Data/fastq/fixed/20250430_PECOe-711_S224_R1_001.fastq.gz",434503,434503
"/Users/katesheridan/Documents/GitHub/chapter2/rawdata/peco/fastq/12S_PECO_2022_Redos_Run20250301/Analysis/1/Data/fastq/fixed/20250430_PECOe-712_S225_R1_001.fastq.gz",342403,342403
"/Users/katesheridan/Documents/GitHub/chapter2/rawdata/peco/fastq/12S_PECO_2022_Redos_Run20250301/Analysis/1/Data/fastq/fixed/20250430_PECOe-713_S226_R1_001.fastq.gz",36763,36763
"/Users/katesheridan/Documents/GitHub/chapter2/rawdata/peco/fastq/12S_PECO_2022_Redos_Run20250301/Analysis/1/Data/fastq/fixed/20250430_PECOe-714_S227_R1_001.fastq.gz",423597,423597
"/Users/katesheridan/Documents/GitHub/chapter2/rawdata/peco/fastq/12S_PECO_2022_Redos_Run20250301/Analysis/1/Data/fastq/fixed/20250430_PECOe-715_S228_R1_001.fastq.gz",348719,348719
"/Users/katesheridan/Documents/GitHub/chapter2/rawdata/peco/fastq/12S_PECO_2022_Redos_Run20250301/Analysis/1/Data/fastq/fixed/20250430_PECOe-716_S229_R1_001.fastq.gz",140881,140881
"/Users/katesheridan/Documents/GitHub/chapter2/rawdata/peco/fastq/12S_PECO_2022_Redos_Run20250301/Analysis/1/Data/fastq/fixed/20250430_PECOe-717_S230_R1_001.fastq.gz",101,101
"/Users/katesheridan/Documents/GitHub/chapter2/rawdata/peco/fastq/12S_PECO_2022_Redos_Run20250301/Analysis/1/Data/fastq/fixed/20250430_PECOe-718_S231_R1_001.fastq.gz",141,141
"/Users/katesheridan/Documents/GitHub/chapter2/rawdata/peco/fastq/12S_PECO_2022_Redos_Run20250301/Analysis/1/Data/fastq/fixed/20250430_PECOe-722_S235_R1_001.fastq.gz",366869,366869
"/Users/katesheridan/Documents/GitHub/chapter2/rawdata/peco/fastq/12S_PECO_2022_Redos_Run20250301/Analysis/1/Data/fastq/fixed/20250430_PECOe-723_S236_R1_001.fastq.gz",427401,427401
"/Users/katesheridan/Documents/GitHub/chapter2/rawdata/peco/fastq/12S_PECO_2022_Redos_Run20250301/Analysis/1/Data/fastq/fixed/20250430_PECOe-724_S237_R1_001.fastq.gz",488890,488890
"/Users/katesheridan/Documents/GitHub/chapter2/rawdata/peco/fastq/12S_PECO_2022_Redos_Run20250301/Analysis/1/Data/fastq/fixed/20250430_PECOe-725_S238_R1_001.fastq.gz",180,180
"/Users/katesheridan/Documents/GitHub/chapter2/rawdata/peco/fastq/12S_PECO_2022_Redos_Run20250301/Analysis/1/Data/fastq/fixed/20250430_PECOe-726_S239_R1_001.fastq.gz",430081,430081
"/Users/katesheridan/Documents/GitHub/chapter2/rawdata/peco/fastq/12S_PECO_2022_Redos_Run20250301/Analysis/1/Data/fastq/fixed/20250430_PECOe-727_S240_R1_001.fastq.gz",457652,457652
"/Users/katesheridan/Documents/GitHub/chapter2/rawdata/peco/fastq/12S_PECO_2022_Redos_Run20250301/Analysis/1/Data/fastq/fixed/20250430_PECOe-728_S241_R1_001.fastq.gz",491130,491130
"/Users/katesheridan/Documents/GitHub/chapter2/rawdata/peco/fastq/12S_PECO_2022_Redos_Run20250301/Analysis/1/Data/fastq/fixed/20250430_PECOe-729_S242_R1_001.fastq.gz",475011,475011
"/Users/katesheridan/Documents/GitHub/chapter2/rawdata/peco/fastq/12S_PECO_2022_Redos_Run20250301/Analysis/1/Data/fastq/fixed/20250430_PECOe-731_S244_R1_001.fastq.gz",8,8
"/Users/katesheridan/Documents/GitHub/chapter2/rawdata/peco/fastq/12S_PECO_2022_Redos_Run20250301/Analysis/1/Data/fastq/fixed/20250430_PECOe-732_S245_R1_001.fastq.gz",348459,348459
"/Users/katesheridan/Documents/GitHub/chapter2/rawdata/peco/fastq/12S_PECO_2022_Redos_Run20250301/Analysis/1/Data/fastq/fixed/20250430_PECOe-733_S246_R1_001.fastq.gz",329504,329504
"/Users/katesheridan/Documents/GitHub/chapter2/rawdata/peco/fastq/12S_PECO_2022_Redos_Run20250301/Analysis/1/Data/fastq/fixed/20250430_PECOe-734_S247_R1_001.fastq.gz",299487,299487
"/Users/katesheridan/Documents/GitHub/chapter2/rawdata/peco/fastq/12S_PECO_2022_Redos_Run20250301/Analysis/1/Data/fastq/fixed/20250430_PECOe-735_S248_R1_001.fastq.gz",334579,334579
"/Users/katesheridan/Documents/GitHub/chapter2/rawdata/peco/fastq/12S_PECO_2022_Redos_Run20250301/Analysis/1/Data/fastq/fixed/20250430_PECOe-736_S249_R1_001.fastq.gz",2,2
"/Users/katesheridan/Documents/GitHub/chapter2/rawdata/peco/fastq/12S_PECO_2022_Redos_Run20250301/Analysis/1/Data/fastq/fixed/20250430_PECOe-737_S250_R1_001.fastq.gz",204166,204166
"/Users/katesheridan/Documents/GitHub/chapter2/rawdata/peco/fastq/12S_PECO_2022_Redos_Run20250301/Analysis/1/Data/fastq/fixed/20250430_PECOe-738_S251_R1_001.fastq.gz",300637,300637
"/Users/katesheridan/Documents/GitHub/chapter2/rawdata/peco/fastq/12S_PECO_2022_Redos_Run20250301/Analysis/1/Data/fastq/fixed/20250430_PECOe-739_S252_R1_001.fastq.gz",327385,327385
"/Users/katesheridan/Documents/GitHub/chapter2/rawdata/peco/fastq/12S_PECO_2022_Redos_Run20250301/Analysis/1/Data/fastq/fixed/20250430_PECOe-740_S253_R1_001.fastq.gz",301514,301514
"/Users/katesheridan/Documents/GitHub/chapter2/rawdata/peco/fastq/12S_PECO_2022_Redos_Run20250301/Analysis/1/Data/fastq/fixed/20250430_PECOe-741_S254_R1_001.fastq.gz",1,1
"/Users/katesheridan/Documents/GitHub/chapter2/rawdata/peco/fastq/12S_PECO_2022_Redos_Run20250301/Analysis/1/Data/fastq/fixed/20250430_PECOe-742_S255_R1_001.fastq.gz",406843,406843
"/Users/katesheridan/Documents/GitHub/chapter2/rawdata/peco/fastq/12S_PECO_2022_Redos_Run20250301/Analysis/1/Data/fastq/fixed/20250430_PECOe-743_S256_R1_001.fastq.gz",458892,458892
"/Users/katesheridan/Documents/GitHub/chapter2/rawdata/peco/fastq/12S_PECO_2022_Redos_Run20250301/Analysis/1/Data/fastq/fixed/20250430_PECOe-744_S257_R1_001.fastq.gz",203,203
"/Users/katesheridan/Documents/GitHub/chapter2/rawdata/peco/fastq/12S_PECO_2022_Redos_Run20250301/Analysis/1/Data/fastq/fixed/20250430_PECOe-745_S258_R1_001.fastq.gz",384007,384007
"/Users/katesheridan/Documents/GitHub/chapter2/rawdata/peco/fastq/12S_PECO_2022_Redos_Run20250301/Analysis/1/Data/fastq/fixed/20250430_PECOe-747_S260_R1_001.fastq.gz",10,10
"/Users/katesheridan/Documents/GitHub/chapter2/rawdata/peco/fastq/12S_PECO_2022_Redos_Run20250301/Analysis/1/Data/fastq/fixed/20250430_PECOe-748_S261_R1_001.fastq.gz",1,1
"/Users/katesheridan/Documents/GitHub/chapter2/rawdata/peco/fastq/12S_PECO_2022_Redos_Run20250301/Analysis/1/Data/fastq/fixed/20250430_PECOe-749_S262_R1_001.fastq.gz",1,1
"/Users/katesheridan/Documents/GitHub/chapter2/rawdata/peco/fastq/12S_PECO_2022_Redos_Run20250301/Analysis/1/Data/fastq/fixed/20250430_PECOe-750_S263_R1_001.fastq.gz",483,483
"/Users/katesheridan/Documents/GitHub/chapter2/rawdata/peco/fastq/12S_PECO_2022_Redos_Run20250301/Analysis/1/Data/fastq/fixed/20250430_PECOe-752_S265_R1_001.fastq.gz",378956,378956
"/Users/katesheridan/Documents/GitHub/chapter2/rawdata/peco/fastq/12S_PECO_2022_Redos_Run20250301/Analysis/1/Data/fastq/fixed/20250430_PECOe-753_S266_R1_001.fastq.gz",136,136
"/Users/katesheridan/Documents/GitHub/chapter2/rawdata/peco/fastq/12S_PECO_2022_Redos_Run20250301/Analysis/1/Data/fastq/fixed/20250430_PECOe-754_S267_R1_001.fastq.gz",349679,349679
"/Users/katesheridan/Documents/GitHub/chapter2/rawdata/peco/fastq/12S_PECO_2022_Redos_Run20250301/Analysis/1/Data/fastq/fixed/20250430_PECOe-755_S268_R1_001.fastq.gz",317791,317791
"/Users/katesheridan/Documents/GitHub/chapter2/rawdata/peco/fastq/12S_PECO_2022_Redos_Run20250301/Analysis/1/Data/fastq/fixed/20250430_PECOe-757_S270_R1_001.fastq.gz",484877,484877
"/Users/katesheridan/Documents/GitHub/chapter2/rawdata/peco/fastq/12S_PECO_2022_Redos_Run20250301/Analysis/1/Data/fastq/fixed/20250430_PECOe-758_S271_R1_001.fastq.gz",20,20
"/Users/katesheridan/Documents/GitHub/chapter2/rawdata/peco/fastq/12S_PECO_2022_Redos_Run20250301/Analysis/1/Data/fastq/fixed/20250430_PECOe-764_S277_R1_001.fastq.gz",430771,430771
"/Users/katesheridan/Documents/GitHub/chapter2/rawdata/peco/fastq/12S_PECO_2022_Redos_Run20250301/Analysis/1/Data/fastq/fixed/20250430_PECOe-765_S278_R1_001.fastq.gz",92068,92068
"/Users/katesheridan/Documents/GitHub/chapter2/rawdata/peco/fastq/12S_PECO_2022_Redos_Run20250301/Analysis/1/Data/fastq/fixed/20250430_PECOe-767_S280_R1_001.fastq.gz",272229,272229
"/Users/katesheridan/Documents/GitHub/chapter2/rawdata/peco/fastq/12S_PECO_2022_Redos_Run20250301/Analysis/1/Data/fastq/fixed/20250430_PECOe-768_S281_R1_001.fastq.gz",227419,227419
"/Users/katesheridan/Documents/GitHub/chapter2/rawdata/peco/fastq/12S_PECO_2022_Redos_Run20250301/Analysis/1/Data/fastq/fixed/20250430_PECOe-769_S282_R1_001.fastq.gz",2,2
"/Users/katesheridan/Documents/GitHub/chapter2/rawdata/peco/fastq/12S_PECO_2022_Redos_Run20250301/Analysis/1/Data/fastq/fixed/20250430_PECOe-770_S283_R1_001.fastq.gz",531157,531157
"/Users/katesheridan/Documents/GitHub/chapter2/rawdata/peco/fastq/12S_PECO_2022_Redos_Run20250301/Analysis/1/Data/fastq/fixed/20250430_PECOe-781_S284_R1_001.fastq.gz",388883,388883
"/Users/katesheridan/Documents/GitHub/chapter2/rawdata/peco/fastq/12S_PECO_2022_Redos_Run20250301/Analysis/1/Data/fastq/fixed/20250430_PECOe-783_S286_R1_001.fastq.gz",344633,344633
"/Users/katesheridan/Documents/GitHub/chapter2/rawdata/peco/fastq/12S_PECO_2022_Redos_Run20250301/Analysis/1/Data/fastq/fixed/20250430_PECOe-784_S287_R1_001.fastq.gz",331972,331972
"/Users/katesheridan/Documents/GitHub/chapter2/rawdata/peco/fastq/12S_PECO_2022_Redos_Run20250301/Analysis/1/Data/fastq/fixed/20250430_PECOe-785_S3_R1_001.fastq.gz",385709,385709
"/Users/katesheridan/Documents/GitHub/chapter2/rawdata/peco/fastq/12S_PECO_2022_Redos_Run20250301/Analysis/1/Data/fastq/fixed/20250430_PECOe-786_S289_R1_001.fastq.gz",178141,178141
"/Users/katesheridan/Documents/GitHub/chapter2/rawdata/peco/fastq/12S_PECO_2022_Redos_Run20250301/Analysis/1/Data/fastq/fixed/20250430_PECOe-787_S290_R1_001.fastq.gz",531999,531999
"/Users/katesheridan/Documents/GitHub/chapter2/rawdata/peco/fastq/12S_PECO_2022_Redos_Run20250301/Analysis/1/Data/fastq/fixed/20250430_PECOe-788_S291_R1_001.fastq.gz",285742,285742
"/Users/katesheridan/Documents/GitHub/chapter2/rawdata/peco/fastq/12S_PECO_2022_Redos_Run20250301/Analysis/1/Data/fastq/fixed/20250430_PECOe-789_S292_R1_001.fastq.gz",304353,304353
"/Users/katesheridan/Documents/GitHub/chapter2/rawdata/peco/fastq/12S_PECO_2022_Redos_Run20250301/Analysis/1/Data/fastq/fixed/20250430_PECOe-790_S293_R1_001.fastq.gz",276857,276857
"/Users/katesheridan/Documents/GitHub/chapter2/rawdata/peco/fastq/12S_PECO_2022_Redos_Run20250301/Analysis/1/Data/fastq/fixed/20250430_PECOe-791_S294_R1_001.fastq.gz",335586,335586
"/Users/katesheridan/Documents/GitHub/chapter2/rawdata/peco/fastq/12S_PECO_2022_Redos_Run20250301/Analysis/1/Data/fastq/fixed/20250430_PECOe-792_S295_R1_001.fastq.gz",5,5
"/Users/katesheridan/Documents/GitHub/chapter2/rawdata/peco/fastq/12S_PECO_2022_Redos_Run20250301/Analysis/1/Data/fastq/fixed/20250430_PECOe-793_S296_R1_001.fastq.gz",333339,333339
"/Users/katesheridan/Documents/GitHub/chapter2/rawdata/peco/fastq/12S_PECO_2022_Redos_Run20250301/Analysis/1/Data/fastq/fixed/20250430_PECOe-794_S297_R1_001.fastq.gz",400624,400624
"/Users/katesheridan/Documents/GitHub/chapter2/rawdata/peco/fastq/12S_PECO_2022_Redos_Run20250301/Analysis/1/Data/fastq/fixed/20250430_PECOe-795_S298_R1_001.fastq.gz",367696,367696
"/Users/katesheridan/Documents/GitHub/chapter2/rawdata/peco/fastq/12S_PECO_2022_Redos_Run20250301/Analysis/1/Data/fastq/fixed/20250430_PECOe-796_S299_R1_001.fastq.gz",375,375
"/Users/katesheridan/Documents/GitHub/chapter2/rawdata/peco/fastq/12S_PECO_2022_Redos_Run20250301/Analysis/1/Data/fastq/fixed/20250430_PECOe-797_S300_R1_001.fastq.gz",335530,335530
"/Users/katesheridan/Documents/GitHub/chapter2/rawdata/peco/fastq/12S_PECO_2022_Redos_Run20250301/Analysis/1/Data/fastq/fixed/20250430_PECOe-798_S301_R1_001.fastq.gz",286493,286493
"/Users/katesheridan/Documents/GitHub/chapter2/rawdata/peco/fastq/12S_PECO_2022_Redos_Run20250301/Analysis/1/Data/fastq/fixed/20250430_PECOe-799_S302_R1_001.fastq.gz",295908,295908
"/Users/katesheridan/Documents/GitHub/chapter2/rawdata/peco/fastq/12S_PECO_2022_Redos_Run20250301/Analysis/1/Data/fastq/fixed/20250430_PECOe-800_S303_R1_001.fastq.gz",276322,276322
"/Users/katesheridan/Documents/GitHub/chapter2/rawdata/peco/fastq/12S_PECO_2022_Redos_Run20250301/Analysis/1/Data/fastq/fixed/20250430_PECOe-806_S304_R1_001.fastq.gz",485,485
"/Users/katesheridan/Documents/GitHub/chapter2/rawdata/peco/fastq/12S_PECO_2022_Redos_Run20250301/Analysis/1/Data/fastq/fixed/20250430_PECOe-807_S305_R1_001.fastq.gz",372380,372380
"/Users/katesheridan/Documents/GitHub/chapter2/rawdata/peco/fastq/12S_PECO_2022_Redos_Run20250301/Analysis/1/Data/fastq/fixed/20250430_PECOe-808_S306_R1_001.fastq.gz",424361,424361
"/Users/katesheridan/Documents/GitHub/chapter2/rawdata/peco/fastq/12S_PECO_2022_Redos_Run20250301/Analysis/1/Data/fastq/fixed/20250430_PECOe-809_S307_R1_001.fastq.gz",489554,489554
"/Users/katesheridan/Documents/GitHub/chapter2/rawdata/peco/fastq/12S_PECO_2022_Redos_Run20250301/Analysis/1/Data/fastq/fixed/20250430_PECOe-810_S308_R1_001.fastq.gz",521031,521031
"/Users/katesheridan/Documents/GitHub/chapter2/rawdata/peco/fastq/12S_PECO_2022_Redos_Run20250301/Analysis/1/Data/fastq/fixed/20250430_PECOe-811_S309_R1_001.fastq.gz",312,312
"/Users/katesheridan/Documents/GitHub/chapter2/rawdata/peco/fastq/12S_PECO_2022_Redos_Run20250301/Analysis/1/Data/fastq/fixed/20250430_PECOe-812_S310_R1_001.fastq.gz",373463,373463
"/Users/katesheridan/Documents/GitHub/chapter2/rawdata/peco/fastq/12S_PECO_2022_Redos_Run20250301/Analysis/1/Data/fastq/fixed/20250430_PECOe-813_S311_R1_001.fastq.gz",347396,347396
"/Users/katesheridan/Documents/GitHub/chapter2/rawdata/peco/fastq/12S_PECO_2022_Redos_Run20250301/Analysis/1/Data/fastq/fixed/20250430_PECOe-814_S312_R1_001.fastq.gz",1,1
"/Users/katesheridan/Documents/GitHub/chapter2/rawdata/peco/fastq/12S_PECO_2022_Redos_Run20250301/Analysis/1/Data/fastq/fixed/20250430_PECOe-815_S313_R1_001.fastq.gz",339441,339441
"/Users/katesheridan/Documents/GitHub/chapter2/rawdata/peco/fastq/12S_PECO_2022_Redos_Run20250301/Analysis/1/Data/fastq/fixed/20250430_PECOe-816_S314_R1_001.fastq.gz",1,1
"/Users/katesheridan/Documents/GitHub/chapter2/rawdata/peco/fastq/12S_PECO_2022_Redos_Run20250301/Analysis/1/Data/fastq/fixed/20250430_PECOe-817_S315_R1_001.fastq.gz",385587,385587
"/Users/katesheridan/Documents/GitHub/chapter2/rawdata/peco/fastq/12S_PECO_2022_Redos_Run20250301/Analysis/1/Data/fastq/fixed/20250430_PECOe-818_S316_R1_001.fastq.gz",431579,431579
"/Users/katesheridan/Documents/GitHub/chapter2/rawdata/peco/fastq/12S_PECO_2022_Redos_Run20250301/Analysis/1/Data/fastq/fixed/20250430_PECOe-819_S317_R1_001.fastq.gz",385578,385578
"/Users/katesheridan/Documents/GitHub/chapter2/rawdata/peco/fastq/12S_PECO_2022_Redos_Run20250301/Analysis/1/Data/fastq/fixed/20250430_PECOe-820_S318_R1_001.fastq.gz",395615,395615
"/Users/katesheridan/Documents/GitHub/chapter2/rawdata/peco/fastq/12S_PECO_2022_Redos_Run20250301/Analysis/1/Data/fastq/fixed/20250430_PECOe-821_S319_R1_001.fastq.gz",3,3
"/Users/katesheridan/Documents/GitHub/chapter2/rawdata/peco/fastq/12S_PECO_2022_Redos_Run20250301/Analysis/1/Data/fastq/fixed/20250430_PECOe-822_S320_R1_001.fastq.gz",386219,386219
"/Users/katesheridan/Documents/GitHub/chapter2/rawdata/peco/fastq/12S_PECO_2022_Redos_Run20250301/Analysis/1/Data/fastq/fixed/20250430_PECOe-823_S321_R1_001.fastq.gz",421685,421685
"/Users/katesheridan/Documents/GitHub/chapter2/rawdata/peco/fastq/12S_PECO_2022_Redos_Run20250301/Analysis/1/Data/fastq/fixed/20250430_PECOe-825_S323_R1_001.fastq.gz",427252,427252
"/Users/katesheridan/Documents/GitHub/chapter2/rawdata/peco/fastq/12S_PECO_2022_Redos_Run20250301/Analysis/1/Data/fastq/fixed/20250430_PECOe-826_S324_R1_001.fastq.gz",22,22
"/Users/katesheridan/Documents/GitHub/chapter2/rawdata/peco/fastq/12S_PECO_2022_Redos_Run20250301/Analysis/1/Data/fastq/fixed/20250430_PECOe-827_S325_R1_001.fastq.gz",665655,665655
"/Users/katesheridan/Documents/GitHub/chapter2/rawdata/peco/fastq/12S_PECO_2022_Redos_Run20250301/Analysis/1/Data/fastq/fixed/20250430_PECOe-828_S326_R1_001.fastq.gz",419099,419099
"/Users/katesheridan/Documents/GitHub/chapter2/rawdata/peco/fastq/12S_PECO_2022_Redos_Run20250301/Analysis/1/Data/fastq/fixed/20250430_PECOe-829_S327_R1_001.fastq.gz",564985,564985
"/Users/katesheridan/Documents/GitHub/chapter2/rawdata/peco/fastq/12S_PECO_2022_Redos_Run20250301/Analysis/1/Data/fastq/fixed/20250430_PECOe-830_S328_R1_001.fastq.gz",356702,356702
"/Users/katesheridan/Documents/GitHub/chapter2/rawdata/peco/fastq/12S_PECO_2022_Redos_Run20250301/Analysis/1/Data/fastq/fixed/20250430_PECOe-832_S330_R1_001.fastq.gz",332551,332551
"/Users/katesheridan/Documents/GitHub/chapter2/rawdata/peco/fastq/12S_PECO_2022_Redos_Run20250301/Analysis/1/Data/fastq/fixed/20250430_PECOe-833_S331_R1_001.fastq.gz",399429,399429
"/Users/katesheridan/Documents/GitHub/chapter2/rawdata/peco/fastq/12S_PECO_2022_Redos_Run20250301/Analysis/1/Data/fastq/fixed/20250430_PECOe-834_S332_R1_001.fastq.gz",3,3
"/Users/katesheridan/Documents/GitHub/chapter2/rawdata/peco/fastq/12S_PECO_2022_Redos_Run20250301/Analysis/1/Data/fastq/fixed/20250430_PECOe-835_S333_R1_001.fastq.gz",415698,415698
"/Users/katesheridan/Documents/GitHub/chapter2/rawdata/peco/fastq/12S_PECO_2022_Redos_Run20250301/Analysis/1/Data/fastq/fixed/20250430_PECOe-836_S334_R1_001.fastq.gz",269494,269494
"/Users/katesheridan/Documents/GitHub/chapter2/rawdata/peco/fastq/12S_PECO_2022_Redos_Run20250301/Analysis/1/Data/fastq/fixed/20250430_PECOe-837_S335_R1_001.fastq.gz",391917,391917
"/Users/katesheridan/Documents/GitHub/chapter2/rawdata/peco/fastq/12S_PECO_2022_Redos_Run20250301/Analysis/1/Data/fastq/fixed/20250430_PECOe-838_S336_R1_001.fastq.gz",387633,387633
"/Users/katesheridan/Documents/GitHub/chapter2/rawdata/peco/fastq/12S_PECO_2022_Redos_Run20250301/Analysis/1/Data/fastq/fixed/20250430_PECOe-839_S337_R1_001.fastq.gz",500908,500908
"/Users/katesheridan/Documents/GitHub/chapter2/rawdata/peco/fastq/12S_PECO_2022_Redos_Run20250301/Analysis/1/Data/fastq/fixed/20250430_PECOe-840_S338_R1_001.fastq.gz",2,2
"/Users/katesheridan/Documents/GitHub/chapter2/rawdata/peco/fastq/12S_PECO_2022_Redos_Run20250301/Analysis/1/Data/fastq/fixed/20250430_PECOe-841_S339_R1_001.fastq.gz",11,11
"/Users/katesheridan/Documents/GitHub/chapter2/rawdata/peco/fastq/12S_PECO_2022_Redos_Run20250301/Analysis/1/Data/fastq/fixed/20250430_PECOe-842_S340_R1_001.fastq.gz",408063,408063
"/Users/katesheridan/Documents/GitHub/chapter2/rawdata/peco/fastq/12S_PECO_2022_Redos_Run20250301/Analysis/1/Data/fastq/fixed/20250430_PECOe-843_S341_R1_001.fastq.gz",414771,414771
"/Users/katesheridan/Documents/GitHub/chapter2/rawdata/peco/fastq/12S_PECO_2022_Redos_Run20250301/Analysis/1/Data/fastq/fixed/20250430_PECOe-844_S342_R1_001.fastq.gz",373957,373957
"/Users/katesheridan/Documents/GitHub/chapter2/rawdata/peco/fastq/12S_PECO_2022_Redos_Run20250301/Analysis/1/Data/fastq/fixed/20250430_PECOe-845_S343_R1_001.fastq.gz",335853,335853
"/Users/katesheridan/Documents/GitHub/chapter2/rawdata/peco/fastq/12S_PECO_2022_Redos_Run20250301/Analysis/1/Data/fastq/fixed/20250430_PECOe-846_S344_R1_001.fastq.gz",404360,404360
"/Users/katesheridan/Documents/GitHub/chapter2/rawdata/peco/fastq/12S_PECO_2022_Redos_Run20250301/Analysis/1/Data/fastq/fixed/20250430_PECOe-847_S345_R1_001.fastq.gz",435962,435962
"/Users/katesheridan/Documents/GitHub/chapter2/rawdata/peco/fastq/12S_PECO_2022_Redos_Run20250301/Analysis/1/Data/fastq/fixed/20250430_PECOe-848_S346_R1_001.fastq.gz",372490,372490
"/Users/katesheridan/Documents/GitHub/chapter2/rawdata/peco/fastq/12S_PECO_2022_Redos_Run20250301/Analysis/1/Data/fastq/fixed/20250430_PECOe-849_S347_R1_001.fastq.gz",648981,648981
"/Users/katesheridan/Documents/GitHub/chapter2/rawdata/peco/fastq/12S_PECO_2022_Redos_Run20250301/Analysis/1/Data/fastq/fixed/20250430_PECOe-850_S348_R1_001.fastq.gz",599971,599971
"/Users/katesheridan/Documents/GitHub/chapter2/rawdata/peco/fastq/12S_PECO_2022_Redos_Run20250301/Analysis/1/Data/fastq/fixed/20250430_PECOe-851_S349_R1_001.fastq.gz",462220,462220
"/Users/katesheridan/Documents/GitHub/chapter2/rawdata/peco/fastq/12S_PECO_2022_Redos_Run20250301/Analysis/1/Data/fastq/fixed/20250430_PECOe-852_S350_R1_001.fastq.gz",337189,337189
"/Users/katesheridan/Documents/GitHub/chapter2/rawdata/peco/fastq/12S_PECO_2022_Redos_Run20250301/Analysis/1/Data/fastq/fixed/20250430_PECOe-853_S351_R1_001.fastq.gz",508476,508476
"/Users/katesheridan/Documents/GitHub/chapter2/rawdata/peco/fastq/12S_PECO_2022_Redos_Run20250301/Analysis/1/Data/fastq/fixed/20250430_PECOe-854_S352_R1_001.fastq.gz",3944,3944
"/Users/katesheridan/Documents/GitHub/chapter2/rawdata/peco/fastq/12S_PECO_2022_Redos_Run20250301/Analysis/1/Data/fastq/fixed/20250430_PECOe-855_S353_R1_001.fastq.gz",321948,321948
"/Users/katesheridan/Documents/GitHub/chapter2/rawdata/peco/fastq/12S_PECO_2022_Redos_Run20250301/Analysis/1/Data/fastq/fixed/20250430_PECOe-859_S357_R1_001.fastq.gz",31,31
"/Users/katesheridan/Documents/GitHub/chapter2/rawdata/peco/fastq/12S_PECO_2022_Redos_Run20250301/Analysis/1/Data/fastq/fixed/20250430_PECOe-860_S358_R1_001.fastq.gz",93705,93705
"/Users/katesheridan/Documents/GitHub/chapter2/rawdata/peco/fastq/12S_PECO_2022_Redos_Run20250301/Analysis/1/Data/fastq/fixed/20250430_PECOe-861_S359_R1_001.fastq.gz",431366,431366
"/Users/katesheridan/Documents/GitHub/chapter2/rawdata/peco/fastq/12S_PECO_2022_Redos_Run20250301/Analysis/1/Data/fastq/fixed/20250430_PECOe-863_S361_R1_001.fastq.gz",49,49
"/Users/katesheridan/Documents/GitHub/chapter2/rawdata/peco/fastq/12S_PECO_2022_Redos_Run20250301/Analysis/1/Data/fastq/fixed/20250430_PECOe-866_S364_R1_001.fastq.gz",35,35
"/Users/katesheridan/Documents/GitHub/chapter2/rawdata/peco/fastq/12S_PECO_2022_Redos_Run20250301/Analysis/1/Data/fastq/fixed/20250430_PECOe-867_S365_R1_001.fastq.gz",931,931
"/Users/katesheridan/Documents/GitHub/chapter2/rawdata/peco/fastq/12S_PECO_2022_Redos_Run20250301/Analysis/1/Data/fastq/fixed/20250430_PECOe-868_S366_R1_001.fastq.gz",16,16
"/Users/katesheridan/Documents/GitHub/chapter2/rawdata/peco/fastq/12S_PECO_2022_Redos_Run20250301/Analysis/1/Data/fastq/fixed/20250430_PECOe-869_S367_R1_001.fastq.gz",19949,19949
