"","cutadapt_f","cutadapt_r"
"/Users/katesheridan/Documents/GitHub/chapter2/rawdata/peco/fastq/12S_PECO_2022_Redos_Run20250301/Analysis/1/Data/fastq/fixed/cutadapt/20250430_EXBLANK-2022-21_S4_R1_001.fastq.gz",3,3
"/Users/katesheridan/Documents/GitHub/chapter2/rawdata/peco/fastq/12S_PECO_2022_Redos_Run20250301/Analysis/1/Data/fastq/fixed/cutadapt/20250430_EXBLANK-2022-23_S6_R1_001.fastq.gz",163474,163474
"/Users/katesheridan/Documents/GitHub/chapter2/rawdata/peco/fastq/12S_PECO_2022_Redos_Run20250301/Analysis/1/Data/fastq/fixed/cutadapt/20250430_EXBLANK-2022-24_S7_R1_001.fastq.gz",8614,8614
"/Users/katesheridan/Documents/GitHub/chapter2/rawdata/peco/fastq/12S_PECO_2022_Redos_Run20250301/Analysis/1/Data/fastq/fixed/cutadapt/20250430_EXBLANK-2022-25_S8_R1_001.fastq.gz",86276,86276
"/Users/katesheridan/Documents/GitHub/chapter2/rawdata/peco/fastq/12S_PECO_2022_Redos_Run20250301/Analysis/1/Data/fastq/fixed/cutadapt/20250430_EXBLANK-2022-26_S368_R1_001.fastq.gz",61697,61697
"/Users/katesheridan/Documents/GitHub/chapter2/rawdata/peco/fastq/12S_PECO_2022_Redos_Run20250301/Analysis/1/Data/fastq/fixed/cutadapt/20250430_EXBLANK-2022-27_S369_R1_001.fastq.gz",5,5
"/Users/katesheridan/Documents/GitHub/chapter2/rawdata/peco/fastq/12S_PECO_2022_Redos_Run20250301/Analysis/1/Data/fastq/fixed/cutadapt/20250430_EXBLANK-2022-28_S370_R1_001.fastq.gz",101,101
"/Users/katesheridan/Documents/GitHub/chapter2/rawdata/peco/fastq/12S_PECO_2022_Redos_Run20250301/Analysis/1/Data/fastq/fixed/cutadapt/20250430_EXBLANK-2022-29_S371_R1_001.fastq.gz",11832,11832
"/Users/katesheridan/Documents/GitHub/chapter2/rawdata/peco/fastq/12S_PECO_2022_Redos_Run20250301/Analysis/1/Data/fastq/fixed/cutadapt/20250430_EXBLANK-2022-31_S373_R1_001.fastq.gz",3532,3532
"/Users/katesheridan/Documents/GitHub/chapter2/rawdata/peco/fastq/12S_PECO_2022_Redos_Run20250301/Analysis/1/Data/fastq/fixed/cutadapt/20250430_EXBLANK-2022-33_S375_R1_001.fastq.gz",439,439
"/Users/katesheridan/Documents/GitHub/chapter2/rawdata/peco/fastq/12S_PECO_2022_Redos_Run20250301/Analysis/1/Data/fastq/fixed/cutadapt/20250430_EXBLANK-2022-34_S376_R1_001.fastq.gz",3175,3175
"/Users/katesheridan/Documents/GitHub/chapter2/rawdata/peco/fastq/12S_PECO_2022_Redos_Run20250301/Analysis/1/Data/fastq/fixed/cutadapt/20250430_EXBLANK-2022-35_S377_R1_001.fastq.gz",96407,96407
"/Users/katesheridan/Documents/GitHub/chapter2/rawdata/peco/fastq/12S_PECO_2022_Redos_Run20250301/Analysis/1/Data/fastq/fixed/cutadapt/20250430_EXBLANK-2022-37_S379_R1_001.fastq.gz",213710,213710
"/Users/katesheridan/Documents/GitHub/chapter2/rawdata/peco/fastq/12S_PECO_2022_Redos_Run20250301/Analysis/1/Data/fastq/fixed/cutadapt/20250430_EXBLANK-2022-40_S382_R1_001.fastq.gz",3,3
"/Users/katesheridan/Documents/GitHub/chapter2/rawdata/peco/fastq/12S_PECO_2022_Redos_Run20250301/Analysis/1/Data/fastq/fixed/cutadapt/20250430_PECOe-456_S9_R1_001.fastq.gz",48,48
"/Users/katesheridan/Documents/GitHub/chapter2/rawdata/peco/fastq/12S_PECO_2022_Redos_Run20250301/Analysis/1/Data/fastq/fixed/cutadapt/20250430_PECOe-457_S10_R1_001.fastq.gz",263787,263787
"/Users/katesheridan/Documents/GitHub/chapter2/rawdata/peco/fastq/12S_PECO_2022_Redos_Run20250301/Analysis/1/Data/fastq/fixed/cutadapt/20250430_PECOe-458_S11_R1_001.fastq.gz",309682,309682
"/Users/katesheridan/Documents/GitHub/chapter2/rawdata/peco/fastq/12S_PECO_2022_Redos_Run20250301/Analysis/1/Data/fastq/fixed/cutadapt/20250430_PECOe-459_S12_R1_001.fastq.gz",218785,218785
"/Users/katesheridan/Documents/GitHub/chapter2/rawdata/peco/fastq/12S_PECO_2022_Redos_Run20250301/Analysis/1/Data/fastq/fixed/cutadapt/20250430_PECOe-462_S15_R1_001.fastq.gz",208363,208363
"/Users/katesheridan/Documents/GitHub/chapter2/rawdata/peco/fastq/12S_PECO_2022_Redos_Run20250301/Analysis/1/Data/fastq/fixed/cutadapt/20250430_PECOe-463_S16_R1_001.fastq.gz",257427,257427
"/Users/katesheridan/Documents/GitHub/chapter2/rawdata/peco/fastq/12S_PECO_2022_Redos_Run20250301/Analysis/1/Data/fastq/fixed/cutadapt/20250430_PECOe-464_S17_R1_001.fastq.gz",442306,442306
"/Users/katesheridan/Documents/GitHub/chapter2/rawdata/peco/fastq/12S_PECO_2022_Redos_Run20250301/Analysis/1/Data/fastq/fixed/cutadapt/20250430_PECOe-465_S18_R1_001.fastq.gz",504854,504854
"/Users/katesheridan/Documents/GitHub/chapter2/rawdata/peco/fastq/12S_PECO_2022_Redos_Run20250301/Analysis/1/Data/fastq/fixed/cutadapt/20250430_PECOe-466_S19_R1_001.fastq.gz",2187,2187
"/Users/katesheridan/Documents/GitHub/chapter2/rawdata/peco/fastq/12S_PECO_2022_Redos_Run20250301/Analysis/1/Data/fastq/fixed/cutadapt/20250430_PECOe-467_S20_R1_001.fastq.gz",1,1
"/Users/katesheridan/Documents/GitHub/chapter2/rawdata/peco/fastq/12S_PECO_2022_Redos_Run20250301/Analysis/1/Data/fastq/fixed/cutadapt/20250430_PECOe-468_S21_R1_001.fastq.gz",463144,463144
"/Users/katesheridan/Documents/GitHub/chapter2/rawdata/peco/fastq/12S_PECO_2022_Redos_Run20250301/Analysis/1/Data/fastq/fixed/cutadapt/20250430_PECOe-469_S22_R1_001.fastq.gz",1,1
"/Users/katesheridan/Documents/GitHub/chapter2/rawdata/peco/fastq/12S_PECO_2022_Redos_Run20250301/Analysis/1/Data/fastq/fixed/cutadapt/20250430_PECOe-470_S23_R1_001.fastq.gz",370591,370591
"/Users/katesheridan/Documents/GitHub/chapter2/rawdata/peco/fastq/12S_PECO_2022_Redos_Run20250301/Analysis/1/Data/fastq/fixed/cutadapt/20250430_PECOe-472_S25_R1_001.fastq.gz",10,10
"/Users/katesheridan/Documents/GitHub/chapter2/rawdata/peco/fastq/12S_PECO_2022_Redos_Run20250301/Analysis/1/Data/fastq/fixed/cutadapt/20250430_PECOe-473_S26_R1_001.fastq.gz",439103,439103
"/Users/katesheridan/Documents/GitHub/chapter2/rawdata/peco/fastq/12S_PECO_2022_Redos_Run20250301/Analysis/1/Data/fastq/fixed/cutadapt/20250430_PECOe-474_S27_R1_001.fastq.gz",18,18
"/Users/katesheridan/Documents/GitHub/chapter2/rawdata/peco/fastq/12S_PECO_2022_Redos_Run20250301/Analysis/1/Data/fastq/fixed/cutadapt/20250430_PECOe-475_S28_R1_001.fastq.gz",5,5
"/Users/katesheridan/Documents/GitHub/chapter2/rawdata/peco/fastq/12S_PECO_2022_Redos_Run20250301/Analysis/1/Data/fastq/fixed/cutadapt/20250430_PECOe-476_S29_R1_001.fastq.gz",5100,5100
"/Users/katesheridan/Documents/GitHub/chapter2/rawdata/peco/fastq/12S_PECO_2022_Redos_Run20250301/Analysis/1/Data/fastq/fixed/cutadapt/20250430_PECOe-478_S31_R1_001.fastq.gz",375954,375954
"/Users/katesheridan/Documents/GitHub/chapter2/rawdata/peco/fastq/12S_PECO_2022_Redos_Run20250301/Analysis/1/Data/fastq/fixed/cutadapt/20250430_PECOe-479_S32_R1_001.fastq.gz",324154,324154
"/Users/katesheridan/Documents/GitHub/chapter2/rawdata/peco/fastq/12S_PECO_2022_Redos_Run20250301/Analysis/1/Data/fastq/fixed/cutadapt/20250430_PECOe-480_S33_R1_001.fastq.gz",266892,266892
"/Users/katesheridan/Documents/GitHub/chapter2/rawdata/peco/fastq/12S_PECO_2022_Redos_Run20250301/Analysis/1/Data/fastq/fixed/cutadapt/20250430_PECOe-482_S35_R1_001.fastq.gz",505089,505089
"/Users/katesheridan/Documents/GitHub/chapter2/rawdata/peco/fastq/12S_PECO_2022_Redos_Run20250301/Analysis/1/Data/fastq/fixed/cutadapt/20250430_PECOe-483_S36_R1_001.fastq.gz",513108,513108
"/Users/katesheridan/Documents/GitHub/chapter2/rawdata/peco/fastq/12S_PECO_2022_Redos_Run20250301/Analysis/1/Data/fastq/fixed/cutadapt/20250430_PECOe-484_S37_R1_001.fastq.gz",349943,349943
"/Users/katesheridan/Documents/GitHub/chapter2/rawdata/peco/fastq/12S_PECO_2022_Redos_Run20250301/Analysis/1/Data/fastq/fixed/cutadapt/20250430_PECOe-485_S38_R1_001.fastq.gz",354758,354758
"/Users/katesheridan/Documents/GitHub/chapter2/rawdata/peco/fastq/12S_PECO_2022_Redos_Run20250301/Analysis/1/Data/fastq/fixed/cutadapt/20250430_PECOe-486_S39_R1_001.fastq.gz",358734,358734
"/Users/katesheridan/Documents/GitHub/chapter2/rawdata/peco/fastq/12S_PECO_2022_Redos_Run20250301/Analysis/1/Data/fastq/fixed/cutadapt/20250430_PECOe-488_S41_R1_001.fastq.gz",375632,375632
"/Users/katesheridan/Documents/GitHub/chapter2/rawdata/peco/fastq/12S_PECO_2022_Redos_Run20250301/Analysis/1/Data/fastq/fixed/cutadapt/20250430_PECOe-489_S42_R1_001.fastq.gz",294798,294798
"/Users/katesheridan/Documents/GitHub/chapter2/rawdata/peco/fastq/12S_PECO_2022_Redos_Run20250301/Analysis/1/Data/fastq/fixed/cutadapt/20250430_PECOe-490_S43_R1_001.fastq.gz",313146,313146
"/Users/katesheridan/Documents/GitHub/chapter2/rawdata/peco/fastq/12S_PECO_2022_Redos_Run20250301/Analysis/1/Data/fastq/fixed/cutadapt/20250430_PECOe-491_S44_R1_001.fastq.gz",1079,1079
"/Users/katesheridan/Documents/GitHub/chapter2/rawdata/peco/fastq/12S_PECO_2022_Redos_Run20250301/Analysis/1/Data/fastq/fixed/cutadapt/20250430_PECOe-493_S46_R1_001.fastq.gz",2,2
"/Users/katesheridan/Documents/GitHub/chapter2/rawdata/peco/fastq/12S_PECO_2022_Redos_Run20250301/Analysis/1/Data/fastq/fixed/cutadapt/20250430_PECOe-495_S48_R1_001.fastq.gz",11,11
"/Users/katesheridan/Documents/GitHub/chapter2/rawdata/peco/fastq/12S_PECO_2022_Redos_Run20250301/Analysis/1/Data/fastq/fixed/cutadapt/20250430_PECOe-496_S49_R1_001.fastq.gz",1,1
"/Users/katesheridan/Documents/GitHub/chapter2/rawdata/peco/fastq/12S_PECO_2022_Redos_Run20250301/Analysis/1/Data/fastq/fixed/cutadapt/20250430_PECOe-498_S51_R1_001.fastq.gz",345308,345308
"/Users/katesheridan/Documents/GitHub/chapter2/rawdata/peco/fastq/12S_PECO_2022_Redos_Run20250301/Analysis/1/Data/fastq/fixed/cutadapt/20250430_PECOe-499_S52_R1_001.fastq.gz",936799,936799
"/Users/katesheridan/Documents/GitHub/chapter2/rawdata/peco/fastq/12S_PECO_2022_Redos_Run20250301/Analysis/1/Data/fastq/fixed/cutadapt/20250430_PECOe-500_S53_R1_001.fastq.gz",440727,440727
"/Users/katesheridan/Documents/GitHub/chapter2/rawdata/peco/fastq/12S_PECO_2022_Redos_Run20250301/Analysis/1/Data/fastq/fixed/cutadapt/20250430_PECOe-501_S54_R1_001.fastq.gz",161,161
"/Users/katesheridan/Documents/GitHub/chapter2/rawdata/peco/fastq/12S_PECO_2022_Redos_Run20250301/Analysis/1/Data/fastq/fixed/cutadapt/20250430_PECOe-502_S55_R1_001.fastq.gz",341165,341165
"/Users/katesheridan/Documents/GitHub/chapter2/rawdata/peco/fastq/12S_PECO_2022_Redos_Run20250301/Analysis/1/Data/fastq/fixed/cutadapt/20250430_PECOe-503_S56_R1_001.fastq.gz",119861,119861
"/Users/katesheridan/Documents/GitHub/chapter2/rawdata/peco/fastq/12S_PECO_2022_Redos_Run20250301/Analysis/1/Data/fastq/fixed/cutadapt/20250430_PECOe-504_S57_R1_001.fastq.gz",24,24
"/Users/katesheridan/Documents/GitHub/chapter2/rawdata/peco/fastq/12S_PECO_2022_Redos_Run20250301/Analysis/1/Data/fastq/fixed/cutadapt/20250430_PECOe-505_S58_R1_001.fastq.gz",1,1
"/Users/katesheridan/Documents/GitHub/chapter2/rawdata/peco/fastq/12S_PECO_2022_Redos_Run20250301/Analysis/1/Data/fastq/fixed/cutadapt/20250430_PECOe-506_S59_R1_001.fastq.gz",483335,483335
"/Users/katesheridan/Documents/GitHub/chapter2/rawdata/peco/fastq/12S_PECO_2022_Redos_Run20250301/Analysis/1/Data/fastq/fixed/cutadapt/20250430_PECOe-507_S60_R1_001.fastq.gz",433768,433768
"/Users/katesheridan/Documents/GitHub/chapter2/rawdata/peco/fastq/12S_PECO_2022_Redos_Run20250301/Analysis/1/Data/fastq/fixed/cutadapt/20250430_PECOe-508_S61_R1_001.fastq.gz",460837,460837
"/Users/katesheridan/Documents/GitHub/chapter2/rawdata/peco/fastq/12S_PECO_2022_Redos_Run20250301/Analysis/1/Data/fastq/fixed/cutadapt/20250430_PECOe-510_S63_R1_001.fastq.gz",204,204
"/Users/katesheridan/Documents/GitHub/chapter2/rawdata/peco/fastq/12S_PECO_2022_Redos_Run20250301/Analysis/1/Data/fastq/fixed/cutadapt/20250430_PECOe-511_S64_R1_001.fastq.gz",95,95
"/Users/katesheridan/Documents/GitHub/chapter2/rawdata/peco/fastq/12S_PECO_2022_Redos_Run20250301/Analysis/1/Data/fastq/fixed/cutadapt/20250430_PECOe-512_S65_R1_001.fastq.gz",508595,508595
"/Users/katesheridan/Documents/GitHub/chapter2/rawdata/peco/fastq/12S_PECO_2022_Redos_Run20250301/Analysis/1/Data/fastq/fixed/cutadapt/20250430_PECOe-514_S67_R1_001.fastq.gz",5,5
"/Users/katesheridan/Documents/GitHub/chapter2/rawdata/peco/fastq/12S_PECO_2022_Redos_Run20250301/Analysis/1/Data/fastq/fixed/cutadapt/20250430_PECOe-517_S70_R1_001.fastq.gz",2,2
"/Users/katesheridan/Documents/GitHub/chapter2/rawdata/peco/fastq/12S_PECO_2022_Redos_Run20250301/Analysis/1/Data/fastq/fixed/cutadapt/20250430_PECOe-519_S72_R1_001.fastq.gz",300123,300123
"/Users/katesheridan/Documents/GitHub/chapter2/rawdata/peco/fastq/12S_PECO_2022_Redos_Run20250301/Analysis/1/Data/fastq/fixed/cutadapt/20250430_PECOe-521_S74_R1_001.fastq.gz",404,404
"/Users/katesheridan/Documents/GitHub/chapter2/rawdata/peco/fastq/12S_PECO_2022_Redos_Run20250301/Analysis/1/Data/fastq/fixed/cutadapt/20250430_PECOe-522_S75_R1_001.fastq.gz",475520,475520
"/Users/katesheridan/Documents/GitHub/chapter2/rawdata/peco/fastq/12S_PECO_2022_Redos_Run20250301/Analysis/1/Data/fastq/fixed/cutadapt/20250430_PECOe-523_S76_R1_001.fastq.gz",42,42
"/Users/katesheridan/Documents/GitHub/chapter2/rawdata/peco/fastq/12S_PECO_2022_Redos_Run20250301/Analysis/1/Data/fastq/fixed/cutadapt/20250430_PECOe-524_S77_R1_001.fastq.gz",355689,355689
"/Users/katesheridan/Documents/GitHub/chapter2/rawdata/peco/fastq/12S_PECO_2022_Redos_Run20250301/Analysis/1/Data/fastq/fixed/cutadapt/20250430_PECOe-526_S79_R1_001.fastq.gz",1,1
"/Users/katesheridan/Documents/GitHub/chapter2/rawdata/peco/fastq/12S_PECO_2022_Redos_Run20250301/Analysis/1/Data/fastq/fixed/cutadapt/20250430_PECOe-527_S80_R1_001.fastq.gz",1,1
"/Users/katesheridan/Documents/GitHub/chapter2/rawdata/peco/fastq/12S_PECO_2022_Redos_Run20250301/Analysis/1/Data/fastq/fixed/cutadapt/20250430_PECOe-528_S81_R1_001.fastq.gz",686,686
"/Users/katesheridan/Documents/GitHub/chapter2/rawdata/peco/fastq/12S_PECO_2022_Redos_Run20250301/Analysis/1/Data/fastq/fixed/cutadapt/20250430_PECOe-529_S82_R1_001.fastq.gz",463061,463061
"/Users/katesheridan/Documents/GitHub/chapter2/rawdata/peco/fastq/12S_PECO_2022_Redos_Run20250301/Analysis/1/Data/fastq/fixed/cutadapt/20250430_PECOe-532_S85_R1_001.fastq.gz",410880,410880
"/Users/katesheridan/Documents/GitHub/chapter2/rawdata/peco/fastq/12S_PECO_2022_Redos_Run20250301/Analysis/1/Data/fastq/fixed/cutadapt/20250430_PECOe-533_S86_R1_001.fastq.gz",454813,454813
"/Users/katesheridan/Documents/GitHub/chapter2/rawdata/peco/fastq/12S_PECO_2022_Redos_Run20250301/Analysis/1/Data/fastq/fixed/cutadapt/20250430_PECOe-534_S87_R1_001.fastq.gz",355357,355357
"/Users/katesheridan/Documents/GitHub/chapter2/rawdata/peco/fastq/12S_PECO_2022_Redos_Run20250301/Analysis/1/Data/fastq/fixed/cutadapt/20250430_PECOe-535_S88_R1_001.fastq.gz",343291,343291
"/Users/katesheridan/Documents/GitHub/chapter2/rawdata/peco/fastq/12S_PECO_2022_Redos_Run20250301/Analysis/1/Data/fastq/fixed/cutadapt/20250430_PECOe-536_S89_R1_001.fastq.gz",17,17
"/Users/katesheridan/Documents/GitHub/chapter2/rawdata/peco/fastq/12S_PECO_2022_Redos_Run20250301/Analysis/1/Data/fastq/fixed/cutadapt/20250430_PECOe-537_S90_R1_001.fastq.gz",540580,540580
"/Users/katesheridan/Documents/GitHub/chapter2/rawdata/peco/fastq/12S_PECO_2022_Redos_Run20250301/Analysis/1/Data/fastq/fixed/cutadapt/20250430_PECOe-538_S91_R1_001.fastq.gz",227,227
"/Users/katesheridan/Documents/GitHub/chapter2/rawdata/peco/fastq/12S_PECO_2022_Redos_Run20250301/Analysis/1/Data/fastq/fixed/cutadapt/20250430_PECOe-539_S92_R1_001.fastq.gz",142,142
"/Users/katesheridan/Documents/GitHub/chapter2/rawdata/peco/fastq/12S_PECO_2022_Redos_Run20250301/Analysis/1/Data/fastq/fixed/cutadapt/20250430_PECOe-540_S93_R1_001.fastq.gz",15,15
"/Users/katesheridan/Documents/GitHub/chapter2/rawdata/peco/fastq/12S_PECO_2022_Redos_Run20250301/Analysis/1/Data/fastq/fixed/cutadapt/20250430_PECOe-541_S94_R1_001.fastq.gz",5,5
"/Users/katesheridan/Documents/GitHub/chapter2/rawdata/peco/fastq/12S_PECO_2022_Redos_Run20250301/Analysis/1/Data/fastq/fixed/cutadapt/20250430_PECOe-543_S1_R1_001.fastq.gz",298239,298239
"/Users/katesheridan/Documents/GitHub/chapter2/rawdata/peco/fastq/12S_PECO_2022_Redos_Run20250301/Analysis/1/Data/fastq/fixed/cutadapt/20250430_PECOe-545_S98_R1_001.fastq.gz",6,6
"/Users/katesheridan/Documents/GitHub/chapter2/rawdata/peco/fastq/12S_PECO_2022_Redos_Run20250301/Analysis/1/Data/fastq/fixed/cutadapt/20250430_PECOe-546_S99_R1_001.fastq.gz",86,86
"/Users/katesheridan/Documents/GitHub/chapter2/rawdata/peco/fastq/12S_PECO_2022_Redos_Run20250301/Analysis/1/Data/fastq/fixed/cutadapt/20250430_PECOe-547_S100_R1_001.fastq.gz",376923,376923
"/Users/katesheridan/Documents/GitHub/chapter2/rawdata/peco/fastq/12S_PECO_2022_Redos_Run20250301/Analysis/1/Data/fastq/fixed/cutadapt/20250430_PECOe-548_S101_R1_001.fastq.gz",450006,450006
"/Users/katesheridan/Documents/GitHub/chapter2/rawdata/peco/fastq/12S_PECO_2022_Redos_Run20250301/Analysis/1/Data/fastq/fixed/cutadapt/20250430_PECOe-549_S102_R1_001.fastq.gz",416088,416088
"/Users/katesheridan/Documents/GitHub/chapter2/rawdata/peco/fastq/12S_PECO_2022_Redos_Run20250301/Analysis/1/Data/fastq/fixed/cutadapt/20250430_PECOe-550_S103_R1_001.fastq.gz",357333,357333
"/Users/katesheridan/Documents/GitHub/chapter2/rawdata/peco/fastq/12S_PECO_2022_Redos_Run20250301/Analysis/1/Data/fastq/fixed/cutadapt/20250430_PECOe-552_S105_R1_001.fastq.gz",474288,474288
"/Users/katesheridan/Documents/GitHub/chapter2/rawdata/peco/fastq/12S_PECO_2022_Redos_Run20250301/Analysis/1/Data/fastq/fixed/cutadapt/20250430_PECOe-553_S106_R1_001.fastq.gz",344916,344916
"/Users/katesheridan/Documents/GitHub/chapter2/rawdata/peco/fastq/12S_PECO_2022_Redos_Run20250301/Analysis/1/Data/fastq/fixed/cutadapt/20250430_PECOe-554_S107_R1_001.fastq.gz",347347,347347
"/Users/katesheridan/Documents/GitHub/chapter2/rawdata/peco/fastq/12S_PECO_2022_Redos_Run20250301/Analysis/1/Data/fastq/fixed/cutadapt/20250430_PECOe-555_S108_R1_001.fastq.gz",276539,276539
"/Users/katesheridan/Documents/GitHub/chapter2/rawdata/peco/fastq/12S_PECO_2022_Redos_Run20250301/Analysis/1/Data/fastq/fixed/cutadapt/20250430_PECOe-556_S109_R1_001.fastq.gz",3,3
"/Users/katesheridan/Documents/GitHub/chapter2/rawdata/peco/fastq/12S_PECO_2022_Redos_Run20250301/Analysis/1/Data/fastq/fixed/cutadapt/20250430_PECOe-557_S110_R1_001.fastq.gz",492821,492821
"/Users/katesheridan/Documents/GitHub/chapter2/rawdata/peco/fastq/12S_PECO_2022_Redos_Run20250301/Analysis/1/Data/fastq/fixed/cutadapt/20250430_PECOe-558_S111_R1_001.fastq.gz",413164,413164
"/Users/katesheridan/Documents/GitHub/chapter2/rawdata/peco/fastq/12S_PECO_2022_Redos_Run20250301/Analysis/1/Data/fastq/fixed/cutadapt/20250430_PECOe-559_S112_R1_001.fastq.gz",309156,309156
"/Users/katesheridan/Documents/GitHub/chapter2/rawdata/peco/fastq/12S_PECO_2022_Redos_Run20250301/Analysis/1/Data/fastq/fixed/cutadapt/20250430_PECOe-560_S113_R1_001.fastq.gz",419623,419623
"/Users/katesheridan/Documents/GitHub/chapter2/rawdata/peco/fastq/12S_PECO_2022_Redos_Run20250301/Analysis/1/Data/fastq/fixed/cutadapt/20250430_PECOe-561_S114_R1_001.fastq.gz",1,1
"/Users/katesheridan/Documents/GitHub/chapter2/rawdata/peco/fastq/12S_PECO_2022_Redos_Run20250301/Analysis/1/Data/fastq/fixed/cutadapt/20250430_PECOe-562_S115_R1_001.fastq.gz",508434,508434
"/Users/katesheridan/Documents/GitHub/chapter2/rawdata/peco/fastq/12S_PECO_2022_Redos_Run20250301/Analysis/1/Data/fastq/fixed/cutadapt/20250430_PECOe-563_S116_R1_001.fastq.gz",499277,499277
"/Users/katesheridan/Documents/GitHub/chapter2/rawdata/peco/fastq/12S_PECO_2022_Redos_Run20250301/Analysis/1/Data/fastq/fixed/cutadapt/20250430_PECOe-564_S117_R1_001.fastq.gz",541090,541090
"/Users/katesheridan/Documents/GitHub/chapter2/rawdata/peco/fastq/12S_PECO_2022_Redos_Run20250301/Analysis/1/Data/fastq/fixed/cutadapt/20250430_PECOe-565_S118_R1_001.fastq.gz",472216,472216
"/Users/katesheridan/Documents/GitHub/chapter2/rawdata/peco/fastq/12S_PECO_2022_Redos_Run20250301/Analysis/1/Data/fastq/fixed/cutadapt/20250430_PECOe-566_S119_R1_001.fastq.gz",1,1
"/Users/katesheridan/Documents/GitHub/chapter2/rawdata/peco/fastq/12S_PECO_2022_Redos_Run20250301/Analysis/1/Data/fastq/fixed/cutadapt/20250430_PECOe-567_S120_R1_001.fastq.gz",467403,467403
"/Users/katesheridan/Documents/GitHub/chapter2/rawdata/peco/fastq/12S_PECO_2022_Redos_Run20250301/Analysis/1/Data/fastq/fixed/cutadapt/20250430_PECOe-568_S121_R1_001.fastq.gz",409057,409057
"/Users/katesheridan/Documents/GitHub/chapter2/rawdata/peco/fastq/12S_PECO_2022_Redos_Run20250301/Analysis/1/Data/fastq/fixed/cutadapt/20250430_PECOe-569_S122_R1_001.fastq.gz",326301,326301
"/Users/katesheridan/Documents/GitHub/chapter2/rawdata/peco/fastq/12S_PECO_2022_Redos_Run20250301/Analysis/1/Data/fastq/fixed/cutadapt/20250430_PECOe-570_S123_R1_001.fastq.gz",483966,483966
"/Users/katesheridan/Documents/GitHub/chapter2/rawdata/peco/fastq/12S_PECO_2022_Redos_Run20250301/Analysis/1/Data/fastq/fixed/cutadapt/20250430_PECOe-572_S125_R1_001.fastq.gz",166,166
"/Users/katesheridan/Documents/GitHub/chapter2/rawdata/peco/fastq/12S_PECO_2022_Redos_Run20250301/Analysis/1/Data/fastq/fixed/cutadapt/20250430_PECOe-573_S126_R1_001.fastq.gz",342242,342242
"/Users/katesheridan/Documents/GitHub/chapter2/rawdata/peco/fastq/12S_PECO_2022_Redos_Run20250301/Analysis/1/Data/fastq/fixed/cutadapt/20250430_PECOe-574_S127_R1_001.fastq.gz",340048,340048
"/Users/katesheridan/Documents/GitHub/chapter2/rawdata/peco/fastq/12S_PECO_2022_Redos_Run20250301/Analysis/1/Data/fastq/fixed/cutadapt/20250430_PECOe-575_S128_R1_001.fastq.gz",393,393
"/Users/katesheridan/Documents/GitHub/chapter2/rawdata/peco/fastq/12S_PECO_2022_Redos_Run20250301/Analysis/1/Data/fastq/fixed/cutadapt/20250430_PECOe-582_S130_R1_001.fastq.gz",398225,398225
"/Users/katesheridan/Documents/GitHub/chapter2/rawdata/peco/fastq/12S_PECO_2022_Redos_Run20250301/Analysis/1/Data/fastq/fixed/cutadapt/20250430_PECOe-583_S131_R1_001.fastq.gz",452682,452682
"/Users/katesheridan/Documents/GitHub/chapter2/rawdata/peco/fastq/12S_PECO_2022_Redos_Run20250301/Analysis/1/Data/fastq/fixed/cutadapt/20250430_PECOe-584_S132_R1_001.fastq.gz",597582,597582
"/Users/katesheridan/Documents/GitHub/chapter2/rawdata/peco/fastq/12S_PECO_2022_Redos_Run20250301/Analysis/1/Data/fastq/fixed/cutadapt/20250430_PECOe-585_S133_R1_001.fastq.gz",454116,454116
"/Users/katesheridan/Documents/GitHub/chapter2/rawdata/peco/fastq/12S_PECO_2022_Redos_Run20250301/Analysis/1/Data/fastq/fixed/cutadapt/20250430_PECOe-586_S134_R1_001.fastq.gz",66,66
"/Users/katesheridan/Documents/GitHub/chapter2/rawdata/peco/fastq/12S_PECO_2022_Redos_Run20250301/Analysis/1/Data/fastq/fixed/cutadapt/20250430_PECOe-587_S135_R1_001.fastq.gz",216,216
"/Users/katesheridan/Documents/GitHub/chapter2/rawdata/peco/fastq/12S_PECO_2022_Redos_Run20250301/Analysis/1/Data/fastq/fixed/cutadapt/20250430_PECOe-588_S136_R1_001.fastq.gz",419038,419038
"/Users/katesheridan/Documents/GitHub/chapter2/rawdata/peco/fastq/12S_PECO_2022_Redos_Run20250301/Analysis/1/Data/fastq/fixed/cutadapt/20250430_PECOe-589_S137_R1_001.fastq.gz",448493,448493
"/Users/katesheridan/Documents/GitHub/chapter2/rawdata/peco/fastq/12S_PECO_2022_Redos_Run20250301/Analysis/1/Data/fastq/fixed/cutadapt/20250430_PECOe-590_S138_R1_001.fastq.gz",389949,389949
"/Users/katesheridan/Documents/GitHub/chapter2/rawdata/peco/fastq/12S_PECO_2022_Redos_Run20250301/Analysis/1/Data/fastq/fixed/cutadapt/20250430_PECOe-592_S140_R1_001.fastq.gz",19,19
"/Users/katesheridan/Documents/GitHub/chapter2/rawdata/peco/fastq/12S_PECO_2022_Redos_Run20250301/Analysis/1/Data/fastq/fixed/cutadapt/20250430_PECOe-593_S141_R1_001.fastq.gz",55,55
"/Users/katesheridan/Documents/GitHub/chapter2/rawdata/peco/fastq/12S_PECO_2022_Redos_Run20250301/Analysis/1/Data/fastq/fixed/cutadapt/20250430_PECOe-594_S142_R1_001.fastq.gz",3,3
"/Users/katesheridan/Documents/GitHub/chapter2/rawdata/peco/fastq/12S_PECO_2022_Redos_Run20250301/Analysis/1/Data/fastq/fixed/cutadapt/20250430_PECOe-595_S143_R1_001.fastq.gz",59,59
"/Users/katesheridan/Documents/GitHub/chapter2/rawdata/peco/fastq/12S_PECO_2022_Redos_Run20250301/Analysis/1/Data/fastq/fixed/cutadapt/20250430_PECOe-596_S144_R1_001.fastq.gz",3,3
"/Users/katesheridan/Documents/GitHub/chapter2/rawdata/peco/fastq/12S_PECO_2022_Redos_Run20250301/Analysis/1/Data/fastq/fixed/cutadapt/20250430_PECOe-597_S145_R1_001.fastq.gz",612,612
"/Users/katesheridan/Documents/GitHub/chapter2/rawdata/peco/fastq/12S_PECO_2022_Redos_Run20250301/Analysis/1/Data/fastq/fixed/cutadapt/20250430_PECOe-598_S146_R1_001.fastq.gz",179,179
"/Users/katesheridan/Documents/GitHub/chapter2/rawdata/peco/fastq/12S_PECO_2022_Redos_Run20250301/Analysis/1/Data/fastq/fixed/cutadapt/20250430_PECOe-599_S147_R1_001.fastq.gz",521739,521739
"/Users/katesheridan/Documents/GitHub/chapter2/rawdata/peco/fastq/12S_PECO_2022_Redos_Run20250301/Analysis/1/Data/fastq/fixed/cutadapt/20250430_PECOe-602_S150_R1_001.fastq.gz",348954,348954
"/Users/katesheridan/Documents/GitHub/chapter2/rawdata/peco/fastq/12S_PECO_2022_Redos_Run20250301/Analysis/1/Data/fastq/fixed/cutadapt/20250430_PECOe-603_S151_R1_001.fastq.gz",425177,425177
"/Users/katesheridan/Documents/GitHub/chapter2/rawdata/peco/fastq/12S_PECO_2022_Redos_Run20250301/Analysis/1/Data/fastq/fixed/cutadapt/20250430_PECOe-604_S152_R1_001.fastq.gz",397719,397719
"/Users/katesheridan/Documents/GitHub/chapter2/rawdata/peco/fastq/12S_PECO_2022_Redos_Run20250301/Analysis/1/Data/fastq/fixed/cutadapt/20250430_PECOe-605_S153_R1_001.fastq.gz",372940,372940
"/Users/katesheridan/Documents/GitHub/chapter2/rawdata/peco/fastq/12S_PECO_2022_Redos_Run20250301/Analysis/1/Data/fastq/fixed/cutadapt/20250430_PECOe-616_S154_R1_001.fastq.gz",318370,318370
"/Users/katesheridan/Documents/GitHub/chapter2/rawdata/peco/fastq/12S_PECO_2022_Redos_Run20250301/Analysis/1/Data/fastq/fixed/cutadapt/20250430_PECOe-617_S155_R1_001.fastq.gz",6254,6254
"/Users/katesheridan/Documents/GitHub/chapter2/rawdata/peco/fastq/12S_PECO_2022_Redos_Run20250301/Analysis/1/Data/fastq/fixed/cutadapt/20250430_PECOe-618_S156_R1_001.fastq.gz",375927,375927
"/Users/katesheridan/Documents/GitHub/chapter2/rawdata/peco/fastq/12S_PECO_2022_Redos_Run20250301/Analysis/1/Data/fastq/fixed/cutadapt/20250430_PECOe-619_S157_R1_001.fastq.gz",335163,335163
"/Users/katesheridan/Documents/GitHub/chapter2/rawdata/peco/fastq/12S_PECO_2022_Redos_Run20250301/Analysis/1/Data/fastq/fixed/cutadapt/20250430_PECOe-620_S158_R1_001.fastq.gz",403303,403303
"/Users/katesheridan/Documents/GitHub/chapter2/rawdata/peco/fastq/12S_PECO_2022_Redos_Run20250301/Analysis/1/Data/fastq/fixed/cutadapt/20250430_PECOe-621_S159_R1_001.fastq.gz",3,3
"/Users/katesheridan/Documents/GitHub/chapter2/rawdata/peco/fastq/12S_PECO_2022_Redos_Run20250301/Analysis/1/Data/fastq/fixed/cutadapt/20250430_PECOe-622_S160_R1_001.fastq.gz",299988,299988
"/Users/katesheridan/Documents/GitHub/chapter2/rawdata/peco/fastq/12S_PECO_2022_Redos_Run20250301/Analysis/1/Data/fastq/fixed/cutadapt/20250430_PECOe-623_S161_R1_001.fastq.gz",1,1
"/Users/katesheridan/Documents/GitHub/chapter2/rawdata/peco/fastq/12S_PECO_2022_Redos_Run20250301/Analysis/1/Data/fastq/fixed/cutadapt/20250430_PECOe-624_S162_R1_001.fastq.gz",17,17
"/Users/katesheridan/Documents/GitHub/chapter2/rawdata/peco/fastq/12S_PECO_2022_Redos_Run20250301/Analysis/1/Data/fastq/fixed/cutadapt/20250430_PECOe-625_S163_R1_001.fastq.gz",549382,549382
"/Users/katesheridan/Documents/GitHub/chapter2/rawdata/peco/fastq/12S_PECO_2022_Redos_Run20250301/Analysis/1/Data/fastq/fixed/cutadapt/20250430_PECOe-631_S164_R1_001.fastq.gz",151140,151140
"/Users/katesheridan/Documents/GitHub/chapter2/rawdata/peco/fastq/12S_PECO_2022_Redos_Run20250301/Analysis/1/Data/fastq/fixed/cutadapt/20250430_PECOe-633_S166_R1_001.fastq.gz",511551,511551
"/Users/katesheridan/Documents/GitHub/chapter2/rawdata/peco/fastq/12S_PECO_2022_Redos_Run20250301/Analysis/1/Data/fastq/fixed/cutadapt/20250430_PECOe-634_S167_R1_001.fastq.gz",457,457
"/Users/katesheridan/Documents/GitHub/chapter2/rawdata/peco/fastq/12S_PECO_2022_Redos_Run20250301/Analysis/1/Data/fastq/fixed/cutadapt/20250430_PECOe-635_S168_R1_001.fastq.gz",356205,356205
"/Users/katesheridan/Documents/GitHub/chapter2/rawdata/peco/fastq/12S_PECO_2022_Redos_Run20250301/Analysis/1/Data/fastq/fixed/cutadapt/20250430_PECOe-636_S169_R1_001.fastq.gz",85410,85410
"/Users/katesheridan/Documents/GitHub/chapter2/rawdata/peco/fastq/12S_PECO_2022_Redos_Run20250301/Analysis/1/Data/fastq/fixed/cutadapt/20250430_PECOe-637_S170_R1_001.fastq.gz",1,1
"/Users/katesheridan/Documents/GitHub/chapter2/rawdata/peco/fastq/12S_PECO_2022_Redos_Run20250301/Analysis/1/Data/fastq/fixed/cutadapt/20250430_PECOe-640_S173_R1_001.fastq.gz",96,96
"/Users/katesheridan/Documents/GitHub/chapter2/rawdata/peco/fastq/12S_PECO_2022_Redos_Run20250301/Analysis/1/Data/fastq/fixed/cutadapt/20250430_PECOe-642_S175_R1_001.fastq.gz",287154,287154
"/Users/katesheridan/Documents/GitHub/chapter2/rawdata/peco/fastq/12S_PECO_2022_Redos_Run20250301/Analysis/1/Data/fastq/fixed/cutadapt/20250430_PECOe-643_S176_R1_001.fastq.gz",295860,295860
"/Users/katesheridan/Documents/GitHub/chapter2/rawdata/peco/fastq/12S_PECO_2022_Redos_Run20250301/Analysis/1/Data/fastq/fixed/cutadapt/20250430_PECOe-645_S178_R1_001.fastq.gz",7,7
"/Users/katesheridan/Documents/GitHub/chapter2/rawdata/peco/fastq/12S_PECO_2022_Redos_Run20250301/Analysis/1/Data/fastq/fixed/cutadapt/20250430_PECOe-646_S179_R1_001.fastq.gz",490637,490637
"/Users/katesheridan/Documents/GitHub/chapter2/rawdata/peco/fastq/12S_PECO_2022_Redos_Run20250301/Analysis/1/Data/fastq/fixed/cutadapt/20250430_PECOe-647_S180_R1_001.fastq.gz",3,3
"/Users/katesheridan/Documents/GitHub/chapter2/rawdata/peco/fastq/12S_PECO_2022_Redos_Run20250301/Analysis/1/Data/fastq/fixed/cutadapt/20250430_PECOe-648_S181_R1_001.fastq.gz",151,151
"/Users/katesheridan/Documents/GitHub/chapter2/rawdata/peco/fastq/12S_PECO_2022_Redos_Run20250301/Analysis/1/Data/fastq/fixed/cutadapt/20250430_PECOe-650_S183_R1_001.fastq.gz",9609,9609
"/Users/katesheridan/Documents/GitHub/chapter2/rawdata/peco/fastq/12S_PECO_2022_Redos_Run20250301/Analysis/1/Data/fastq/fixed/cutadapt/20250430_PECOe-651_S184_R1_001.fastq.gz",11,11
"/Users/katesheridan/Documents/GitHub/chapter2/rawdata/peco/fastq/12S_PECO_2022_Redos_Run20250301/Analysis/1/Data/fastq/fixed/cutadapt/20250430_PECOe-653_S186_R1_001.fastq.gz",180800,180800
"/Users/katesheridan/Documents/GitHub/chapter2/rawdata/peco/fastq/12S_PECO_2022_Redos_Run20250301/Analysis/1/Data/fastq/fixed/cutadapt/20250430_PECOe-654_S187_R1_001.fastq.gz",389725,389725
"/Users/katesheridan/Documents/GitHub/chapter2/rawdata/peco/fastq/12S_PECO_2022_Redos_Run20250301/Analysis/1/Data/fastq/fixed/cutadapt/20250430_PECOe-662_S190_R1_001.fastq.gz",100,100
"/Users/katesheridan/Documents/GitHub/chapter2/rawdata/peco/fastq/12S_PECO_2022_Redos_Run20250301/Analysis/1/Data/fastq/fixed/cutadapt/20250430_PECOe-663_S191_R1_001.fastq.gz",487522,487522
"/Users/katesheridan/Documents/GitHub/chapter2/rawdata/peco/fastq/12S_PECO_2022_Redos_Run20250301/Analysis/1/Data/fastq/fixed/cutadapt/20250430_PECOe-664_S2_R1_001.fastq.gz",10971,10971
"/Users/katesheridan/Documents/GitHub/chapter2/rawdata/peco/fastq/12S_PECO_2022_Redos_Run20250301/Analysis/1/Data/fastq/fixed/cutadapt/20250430_PECOe-665_S193_R1_001.fastq.gz",144,144
"/Users/katesheridan/Documents/GitHub/chapter2/rawdata/peco/fastq/12S_PECO_2022_Redos_Run20250301/Analysis/1/Data/fastq/fixed/cutadapt/20250430_PECOe-681_S194_R1_001.fastq.gz",35934,35934
"/Users/katesheridan/Documents/GitHub/chapter2/rawdata/peco/fastq/12S_PECO_2022_Redos_Run20250301/Analysis/1/Data/fastq/fixed/cutadapt/20250430_PECOe-682_S195_R1_001.fastq.gz",408968,408968
"/Users/katesheridan/Documents/GitHub/chapter2/rawdata/peco/fastq/12S_PECO_2022_Redos_Run20250301/Analysis/1/Data/fastq/fixed/cutadapt/20250430_PECOe-683_S196_R1_001.fastq.gz",497037,497037
"/Users/katesheridan/Documents/GitHub/chapter2/rawdata/peco/fastq/12S_PECO_2022_Redos_Run20250301/Analysis/1/Data/fastq/fixed/cutadapt/20250430_PECOe-684_S197_R1_001.fastq.gz",479294,479294
"/Users/katesheridan/Documents/GitHub/chapter2/rawdata/peco/fastq/12S_PECO_2022_Redos_Run20250301/Analysis/1/Data/fastq/fixed/cutadapt/20250430_PECOe-685_S198_R1_001.fastq.gz",552730,552730
"/Users/katesheridan/Documents/GitHub/chapter2/rawdata/peco/fastq/12S_PECO_2022_Redos_Run20250301/Analysis/1/Data/fastq/fixed/cutadapt/20250430_PECOe-686_S199_R1_001.fastq.gz",362308,362308
"/Users/katesheridan/Documents/GitHub/chapter2/rawdata/peco/fastq/12S_PECO_2022_Redos_Run20250301/Analysis/1/Data/fastq/fixed/cutadapt/20250430_PECOe-687_S200_R1_001.fastq.gz",255304,255304
"/Users/katesheridan/Documents/GitHub/chapter2/rawdata/peco/fastq/12S_PECO_2022_Redos_Run20250301/Analysis/1/Data/fastq/fixed/cutadapt/20250430_PECOe-688_S201_R1_001.fastq.gz",299514,299514
"/Users/katesheridan/Documents/GitHub/chapter2/rawdata/peco/fastq/12S_PECO_2022_Redos_Run20250301/Analysis/1/Data/fastq/fixed/cutadapt/20250430_PECOe-689_S202_R1_001.fastq.gz",224256,224256
"/Users/katesheridan/Documents/GitHub/chapter2/rawdata/peco/fastq/12S_PECO_2022_Redos_Run20250301/Analysis/1/Data/fastq/fixed/cutadapt/20250430_PECOe-690_S203_R1_001.fastq.gz",363959,363959
"/Users/katesheridan/Documents/GitHub/chapter2/rawdata/peco/fastq/12S_PECO_2022_Redos_Run20250301/Analysis/1/Data/fastq/fixed/cutadapt/20250430_PECOe-691_S204_R1_001.fastq.gz",33,33
"/Users/katesheridan/Documents/GitHub/chapter2/rawdata/peco/fastq/12S_PECO_2022_Redos_Run20250301/Analysis/1/Data/fastq/fixed/cutadapt/20250430_PECOe-692_S205_R1_001.fastq.gz",371811,371811
"/Users/katesheridan/Documents/GitHub/chapter2/rawdata/peco/fastq/12S_PECO_2022_Redos_Run20250301/Analysis/1/Data/fastq/fixed/cutadapt/20250430_PECOe-693_S206_R1_001.fastq.gz",354504,354504
"/Users/katesheridan/Documents/GitHub/chapter2/rawdata/peco/fastq/12S_PECO_2022_Redos_Run20250301/Analysis/1/Data/fastq/fixed/cutadapt/20250430_PECOe-694_S207_R1_001.fastq.gz",313529,313529
"/Users/katesheridan/Documents/GitHub/chapter2/rawdata/peco/fastq/12S_PECO_2022_Redos_Run20250301/Analysis/1/Data/fastq/fixed/cutadapt/20250430_PECOe-695_S208_R1_001.fastq.gz",485080,485080
"/Users/katesheridan/Documents/GitHub/chapter2/rawdata/peco/fastq/12S_PECO_2022_Redos_Run20250301/Analysis/1/Data/fastq/fixed/cutadapt/20250430_PECOe-697_S210_R1_001.fastq.gz",311138,311138
"/Users/katesheridan/Documents/GitHub/chapter2/rawdata/peco/fastq/12S_PECO_2022_Redos_Run20250301/Analysis/1/Data/fastq/fixed/cutadapt/20250430_PECOe-698_S211_R1_001.fastq.gz",456261,456261
"/Users/katesheridan/Documents/GitHub/chapter2/rawdata/peco/fastq/12S_PECO_2022_Redos_Run20250301/Analysis/1/Data/fastq/fixed/cutadapt/20250430_PECOe-700_S213_R1_001.fastq.gz",353422,353422
"/Users/katesheridan/Documents/GitHub/chapter2/rawdata/peco/fastq/12S_PECO_2022_Redos_Run20250301/Analysis/1/Data/fastq/fixed/cutadapt/20250430_PECOe-702_S215_R1_001.fastq.gz",430087,430087
"/Users/katesheridan/Documents/GitHub/chapter2/rawdata/peco/fastq/12S_PECO_2022_Redos_Run20250301/Analysis/1/Data/fastq/fixed/cutadapt/20250430_PECOe-703_S216_R1_001.fastq.gz",389989,389989
"/Users/katesheridan/Documents/GitHub/chapter2/rawdata/peco/fastq/12S_PECO_2022_Redos_Run20250301/Analysis/1/Data/fastq/fixed/cutadapt/20250430_PECOe-704_S217_R1_001.fastq.gz",338457,338457
"/Users/katesheridan/Documents/GitHub/chapter2/rawdata/peco/fastq/12S_PECO_2022_Redos_Run20250301/Analysis/1/Data/fastq/fixed/cutadapt/20250430_PECOe-705_S218_R1_001.fastq.gz",384773,384773
"/Users/katesheridan/Documents/GitHub/chapter2/rawdata/peco/fastq/12S_PECO_2022_Redos_Run20250301/Analysis/1/Data/fastq/fixed/cutadapt/20250430_PECOe-706_S219_R1_001.fastq.gz",353944,353944
"/Users/katesheridan/Documents/GitHub/chapter2/rawdata/peco/fastq/12S_PECO_2022_Redos_Run20250301/Analysis/1/Data/fastq/fixed/cutadapt/20250430_PECOe-707_S220_R1_001.fastq.gz",437823,437823
"/Users/katesheridan/Documents/GitHub/chapter2/rawdata/peco/fastq/12S_PECO_2022_Redos_Run20250301/Analysis/1/Data/fastq/fixed/cutadapt/20250430_PECOe-709_S222_R1_001.fastq.gz",12,12
"/Users/katesheridan/Documents/GitHub/chapter2/rawdata/peco/fastq/12S_PECO_2022_Redos_Run20250301/Analysis/1/Data/fastq/fixed/cutadapt/20250430_PECOe-711_S224_R1_001.fastq.gz",380367,380367
"/Users/katesheridan/Documents/GitHub/chapter2/rawdata/peco/fastq/12S_PECO_2022_Redos_Run20250301/Analysis/1/Data/fastq/fixed/cutadapt/20250430_PECOe-712_S225_R1_001.fastq.gz",299494,299494
"/Users/katesheridan/Documents/GitHub/chapter2/rawdata/peco/fastq/12S_PECO_2022_Redos_Run20250301/Analysis/1/Data/fastq/fixed/cutadapt/20250430_PECOe-713_S226_R1_001.fastq.gz",31978,31978
"/Users/katesheridan/Documents/GitHub/chapter2/rawdata/peco/fastq/12S_PECO_2022_Redos_Run20250301/Analysis/1/Data/fastq/fixed/cutadapt/20250430_PECOe-714_S227_R1_001.fastq.gz",370403,370403
"/Users/katesheridan/Documents/GitHub/chapter2/rawdata/peco/fastq/12S_PECO_2022_Redos_Run20250301/Analysis/1/Data/fastq/fixed/cutadapt/20250430_PECOe-715_S228_R1_001.fastq.gz",305444,305444
"/Users/katesheridan/Documents/GitHub/chapter2/rawdata/peco/fastq/12S_PECO_2022_Redos_Run20250301/Analysis/1/Data/fastq/fixed/cutadapt/20250430_PECOe-716_S229_R1_001.fastq.gz",123121,123121
"/Users/katesheridan/Documents/GitHub/chapter2/rawdata/peco/fastq/12S_PECO_2022_Redos_Run20250301/Analysis/1/Data/fastq/fixed/cutadapt/20250430_PECOe-717_S230_R1_001.fastq.gz",87,87
"/Users/katesheridan/Documents/GitHub/chapter2/rawdata/peco/fastq/12S_PECO_2022_Redos_Run20250301/Analysis/1/Data/fastq/fixed/cutadapt/20250430_PECOe-718_S231_R1_001.fastq.gz",131,131
"/Users/katesheridan/Documents/GitHub/chapter2/rawdata/peco/fastq/12S_PECO_2022_Redos_Run20250301/Analysis/1/Data/fastq/fixed/cutadapt/20250430_PECOe-722_S235_R1_001.fastq.gz",321554,321554
"/Users/katesheridan/Documents/GitHub/chapter2/rawdata/peco/fastq/12S_PECO_2022_Redos_Run20250301/Analysis/1/Data/fastq/fixed/cutadapt/20250430_PECOe-723_S236_R1_001.fastq.gz",374571,374571
"/Users/katesheridan/Documents/GitHub/chapter2/rawdata/peco/fastq/12S_PECO_2022_Redos_Run20250301/Analysis/1/Data/fastq/fixed/cutadapt/20250430_PECOe-724_S237_R1_001.fastq.gz",428074,428074
"/Users/katesheridan/Documents/GitHub/chapter2/rawdata/peco/fastq/12S_PECO_2022_Redos_Run20250301/Analysis/1/Data/fastq/fixed/cutadapt/20250430_PECOe-725_S238_R1_001.fastq.gz",20,20
"/Users/katesheridan/Documents/GitHub/chapter2/rawdata/peco/fastq/12S_PECO_2022_Redos_Run20250301/Analysis/1/Data/fastq/fixed/cutadapt/20250430_PECOe-726_S239_R1_001.fastq.gz",376068,376068
"/Users/katesheridan/Documents/GitHub/chapter2/rawdata/peco/fastq/12S_PECO_2022_Redos_Run20250301/Analysis/1/Data/fastq/fixed/cutadapt/20250430_PECOe-727_S240_R1_001.fastq.gz",400113,400113
"/Users/katesheridan/Documents/GitHub/chapter2/rawdata/peco/fastq/12S_PECO_2022_Redos_Run20250301/Analysis/1/Data/fastq/fixed/cutadapt/20250430_PECOe-728_S241_R1_001.fastq.gz",429030,429030
"/Users/katesheridan/Documents/GitHub/chapter2/rawdata/peco/fastq/12S_PECO_2022_Redos_Run20250301/Analysis/1/Data/fastq/fixed/cutadapt/20250430_PECOe-729_S242_R1_001.fastq.gz",415641,415641
"/Users/katesheridan/Documents/GitHub/chapter2/rawdata/peco/fastq/12S_PECO_2022_Redos_Run20250301/Analysis/1/Data/fastq/fixed/cutadapt/20250430_PECOe-731_S244_R1_001.fastq.gz",6,6
"/Users/katesheridan/Documents/GitHub/chapter2/rawdata/peco/fastq/12S_PECO_2022_Redos_Run20250301/Analysis/1/Data/fastq/fixed/cutadapt/20250430_PECOe-732_S245_R1_001.fastq.gz",305141,305141
"/Users/katesheridan/Documents/GitHub/chapter2/rawdata/peco/fastq/12S_PECO_2022_Redos_Run20250301/Analysis/1/Data/fastq/fixed/cutadapt/20250430_PECOe-733_S246_R1_001.fastq.gz",288856,288856
"/Users/katesheridan/Documents/GitHub/chapter2/rawdata/peco/fastq/12S_PECO_2022_Redos_Run20250301/Analysis/1/Data/fastq/fixed/cutadapt/20250430_PECOe-734_S247_R1_001.fastq.gz",261710,261710
"/Users/katesheridan/Documents/GitHub/chapter2/rawdata/peco/fastq/12S_PECO_2022_Redos_Run20250301/Analysis/1/Data/fastq/fixed/cutadapt/20250430_PECOe-735_S248_R1_001.fastq.gz",292327,292327
"/Users/katesheridan/Documents/GitHub/chapter2/rawdata/peco/fastq/12S_PECO_2022_Redos_Run20250301/Analysis/1/Data/fastq/fixed/cutadapt/20250430_PECOe-737_S250_R1_001.fastq.gz",178719,178719
"/Users/katesheridan/Documents/GitHub/chapter2/rawdata/peco/fastq/12S_PECO_2022_Redos_Run20250301/Analysis/1/Data/fastq/fixed/cutadapt/20250430_PECOe-738_S251_R1_001.fastq.gz",262968,262968
"/Users/katesheridan/Documents/GitHub/chapter2/rawdata/peco/fastq/12S_PECO_2022_Redos_Run20250301/Analysis/1/Data/fastq/fixed/cutadapt/20250430_PECOe-739_S252_R1_001.fastq.gz",286433,286433
"/Users/katesheridan/Documents/GitHub/chapter2/rawdata/peco/fastq/12S_PECO_2022_Redos_Run20250301/Analysis/1/Data/fastq/fixed/cutadapt/20250430_PECOe-740_S253_R1_001.fastq.gz",264389,264389
"/Users/katesheridan/Documents/GitHub/chapter2/rawdata/peco/fastq/12S_PECO_2022_Redos_Run20250301/Analysis/1/Data/fastq/fixed/cutadapt/20250430_PECOe-741_S254_R1_001.fastq.gz",1,1
"/Users/katesheridan/Documents/GitHub/chapter2/rawdata/peco/fastq/12S_PECO_2022_Redos_Run20250301/Analysis/1/Data/fastq/fixed/cutadapt/20250430_PECOe-742_S255_R1_001.fastq.gz",356068,356068
"/Users/katesheridan/Documents/GitHub/chapter2/rawdata/peco/fastq/12S_PECO_2022_Redos_Run20250301/Analysis/1/Data/fastq/fixed/cutadapt/20250430_PECOe-743_S256_R1_001.fastq.gz",401478,401478
"/Users/katesheridan/Documents/GitHub/chapter2/rawdata/peco/fastq/12S_PECO_2022_Redos_Run20250301/Analysis/1/Data/fastq/fixed/cutadapt/20250430_PECOe-744_S257_R1_001.fastq.gz",186,186
"/Users/katesheridan/Documents/GitHub/chapter2/rawdata/peco/fastq/12S_PECO_2022_Redos_Run20250301/Analysis/1/Data/fastq/fixed/cutadapt/20250430_PECOe-745_S258_R1_001.fastq.gz",335885,335885
"/Users/katesheridan/Documents/GitHub/chapter2/rawdata/peco/fastq/12S_PECO_2022_Redos_Run20250301/Analysis/1/Data/fastq/fixed/cutadapt/20250430_PECOe-747_S260_R1_001.fastq.gz",10,10
"/Users/katesheridan/Documents/GitHub/chapter2/rawdata/peco/fastq/12S_PECO_2022_Redos_Run20250301/Analysis/1/Data/fastq/fixed/cutadapt/20250430_PECOe-748_S261_R1_001.fastq.gz",1,1
"/Users/katesheridan/Documents/GitHub/chapter2/rawdata/peco/fastq/12S_PECO_2022_Redos_Run20250301/Analysis/1/Data/fastq/fixed/cutadapt/20250430_PECOe-750_S263_R1_001.fastq.gz",425,425
"/Users/katesheridan/Documents/GitHub/chapter2/rawdata/peco/fastq/12S_PECO_2022_Redos_Run20250301/Analysis/1/Data/fastq/fixed/cutadapt/20250430_PECOe-752_S265_R1_001.fastq.gz",331454,331454
"/Users/katesheridan/Documents/GitHub/chapter2/rawdata/peco/fastq/12S_PECO_2022_Redos_Run20250301/Analysis/1/Data/fastq/fixed/cutadapt/20250430_PECOe-753_S266_R1_001.fastq.gz",121,121
"/Users/katesheridan/Documents/GitHub/chapter2/rawdata/peco/fastq/12S_PECO_2022_Redos_Run20250301/Analysis/1/Data/fastq/fixed/cutadapt/20250430_PECOe-754_S267_R1_001.fastq.gz",306152,306152
"/Users/katesheridan/Documents/GitHub/chapter2/rawdata/peco/fastq/12S_PECO_2022_Redos_Run20250301/Analysis/1/Data/fastq/fixed/cutadapt/20250430_PECOe-755_S268_R1_001.fastq.gz",278059,278059
"/Users/katesheridan/Documents/GitHub/chapter2/rawdata/peco/fastq/12S_PECO_2022_Redos_Run20250301/Analysis/1/Data/fastq/fixed/cutadapt/20250430_PECOe-757_S270_R1_001.fastq.gz",425037,425037
"/Users/katesheridan/Documents/GitHub/chapter2/rawdata/peco/fastq/12S_PECO_2022_Redos_Run20250301/Analysis/1/Data/fastq/fixed/cutadapt/20250430_PECOe-758_S271_R1_001.fastq.gz",2,2
"/Users/katesheridan/Documents/GitHub/chapter2/rawdata/peco/fastq/12S_PECO_2022_Redos_Run20250301/Analysis/1/Data/fastq/fixed/cutadapt/20250430_PECOe-764_S277_R1_001.fastq.gz",376784,376784
"/Users/katesheridan/Documents/GitHub/chapter2/rawdata/peco/fastq/12S_PECO_2022_Redos_Run20250301/Analysis/1/Data/fastq/fixed/cutadapt/20250430_PECOe-765_S278_R1_001.fastq.gz",80521,80521
"/Users/katesheridan/Documents/GitHub/chapter2/rawdata/peco/fastq/12S_PECO_2022_Redos_Run20250301/Analysis/1/Data/fastq/fixed/cutadapt/20250430_PECOe-767_S280_R1_001.fastq.gz",237872,237872
"/Users/katesheridan/Documents/GitHub/chapter2/rawdata/peco/fastq/12S_PECO_2022_Redos_Run20250301/Analysis/1/Data/fastq/fixed/cutadapt/20250430_PECOe-768_S281_R1_001.fastq.gz",197865,197865
"/Users/katesheridan/Documents/GitHub/chapter2/rawdata/peco/fastq/12S_PECO_2022_Redos_Run20250301/Analysis/1/Data/fastq/fixed/cutadapt/20250430_PECOe-769_S282_R1_001.fastq.gz",1,1
"/Users/katesheridan/Documents/GitHub/chapter2/rawdata/peco/fastq/12S_PECO_2022_Redos_Run20250301/Analysis/1/Data/fastq/fixed/cutadapt/20250430_PECOe-770_S283_R1_001.fastq.gz",463959,463959
"/Users/katesheridan/Documents/GitHub/chapter2/rawdata/peco/fastq/12S_PECO_2022_Redos_Run20250301/Analysis/1/Data/fastq/fixed/cutadapt/20250430_PECOe-781_S284_R1_001.fastq.gz",339603,339603
"/Users/katesheridan/Documents/GitHub/chapter2/rawdata/peco/fastq/12S_PECO_2022_Redos_Run20250301/Analysis/1/Data/fastq/fixed/cutadapt/20250430_PECOe-783_S286_R1_001.fastq.gz",301941,301941
"/Users/katesheridan/Documents/GitHub/chapter2/rawdata/peco/fastq/12S_PECO_2022_Redos_Run20250301/Analysis/1/Data/fastq/fixed/cutadapt/20250430_PECOe-784_S287_R1_001.fastq.gz",290576,290576
"/Users/katesheridan/Documents/GitHub/chapter2/rawdata/peco/fastq/12S_PECO_2022_Redos_Run20250301/Analysis/1/Data/fastq/fixed/cutadapt/20250430_PECOe-785_S3_R1_001.fastq.gz",337863,337863
"/Users/katesheridan/Documents/GitHub/chapter2/rawdata/peco/fastq/12S_PECO_2022_Redos_Run20250301/Analysis/1/Data/fastq/fixed/cutadapt/20250430_PECOe-786_S289_R1_001.fastq.gz",155519,155519
"/Users/katesheridan/Documents/GitHub/chapter2/rawdata/peco/fastq/12S_PECO_2022_Redos_Run20250301/Analysis/1/Data/fastq/fixed/cutadapt/20250430_PECOe-787_S290_R1_001.fastq.gz",465717,465717
"/Users/katesheridan/Documents/GitHub/chapter2/rawdata/peco/fastq/12S_PECO_2022_Redos_Run20250301/Analysis/1/Data/fastq/fixed/cutadapt/20250430_PECOe-788_S291_R1_001.fastq.gz",250224,250224
"/Users/katesheridan/Documents/GitHub/chapter2/rawdata/peco/fastq/12S_PECO_2022_Redos_Run20250301/Analysis/1/Data/fastq/fixed/cutadapt/20250430_PECOe-789_S292_R1_001.fastq.gz",266599,266599
"/Users/katesheridan/Documents/GitHub/chapter2/rawdata/peco/fastq/12S_PECO_2022_Redos_Run20250301/Analysis/1/Data/fastq/fixed/cutadapt/20250430_PECOe-790_S293_R1_001.fastq.gz",241872,241872
"/Users/katesheridan/Documents/GitHub/chapter2/rawdata/peco/fastq/12S_PECO_2022_Redos_Run20250301/Analysis/1/Data/fastq/fixed/cutadapt/20250430_PECOe-791_S294_R1_001.fastq.gz",292809,292809
"/Users/katesheridan/Documents/GitHub/chapter2/rawdata/peco/fastq/12S_PECO_2022_Redos_Run20250301/Analysis/1/Data/fastq/fixed/cutadapt/20250430_PECOe-792_S295_R1_001.fastq.gz",5,5
"/Users/katesheridan/Documents/GitHub/chapter2/rawdata/peco/fastq/12S_PECO_2022_Redos_Run20250301/Analysis/1/Data/fastq/fixed/cutadapt/20250430_PECOe-793_S296_R1_001.fastq.gz",291599,291599
"/Users/katesheridan/Documents/GitHub/chapter2/rawdata/peco/fastq/12S_PECO_2022_Redos_Run20250301/Analysis/1/Data/fastq/fixed/cutadapt/20250430_PECOe-794_S297_R1_001.fastq.gz",350723,350723
"/Users/katesheridan/Documents/GitHub/chapter2/rawdata/peco/fastq/12S_PECO_2022_Redos_Run20250301/Analysis/1/Data/fastq/fixed/cutadapt/20250430_PECOe-795_S298_R1_001.fastq.gz",321625,321625
"/Users/katesheridan/Documents/GitHub/chapter2/rawdata/peco/fastq/12S_PECO_2022_Redos_Run20250301/Analysis/1/Data/fastq/fixed/cutadapt/20250430_PECOe-796_S299_R1_001.fastq.gz",233,233
"/Users/katesheridan/Documents/GitHub/chapter2/rawdata/peco/fastq/12S_PECO_2022_Redos_Run20250301/Analysis/1/Data/fastq/fixed/cutadapt/20250430_PECOe-797_S300_R1_001.fastq.gz",293623,293623
"/Users/katesheridan/Documents/GitHub/chapter2/rawdata/peco/fastq/12S_PECO_2022_Redos_Run20250301/Analysis/1/Data/fastq/fixed/cutadapt/20250430_PECOe-798_S301_R1_001.fastq.gz",250128,250128
"/Users/katesheridan/Documents/GitHub/chapter2/rawdata/peco/fastq/12S_PECO_2022_Redos_Run20250301/Analysis/1/Data/fastq/fixed/cutadapt/20250430_PECOe-799_S302_R1_001.fastq.gz",259126,259126
"/Users/katesheridan/Documents/GitHub/chapter2/rawdata/peco/fastq/12S_PECO_2022_Redos_Run20250301/Analysis/1/Data/fastq/fixed/cutadapt/20250430_PECOe-800_S303_R1_001.fastq.gz",241564,241564
"/Users/katesheridan/Documents/GitHub/chapter2/rawdata/peco/fastq/12S_PECO_2022_Redos_Run20250301/Analysis/1/Data/fastq/fixed/cutadapt/20250430_PECOe-806_S304_R1_001.fastq.gz",416,416
"/Users/katesheridan/Documents/GitHub/chapter2/rawdata/peco/fastq/12S_PECO_2022_Redos_Run20250301/Analysis/1/Data/fastq/fixed/cutadapt/20250430_PECOe-807_S305_R1_001.fastq.gz",326773,326773
"/Users/katesheridan/Documents/GitHub/chapter2/rawdata/peco/fastq/12S_PECO_2022_Redos_Run20250301/Analysis/1/Data/fastq/fixed/cutadapt/20250430_PECOe-808_S306_R1_001.fastq.gz",370967,370967
"/Users/katesheridan/Documents/GitHub/chapter2/rawdata/peco/fastq/12S_PECO_2022_Redos_Run20250301/Analysis/1/Data/fastq/fixed/cutadapt/20250430_PECOe-809_S307_R1_001.fastq.gz",428147,428147
"/Users/katesheridan/Documents/GitHub/chapter2/rawdata/peco/fastq/12S_PECO_2022_Redos_Run20250301/Analysis/1/Data/fastq/fixed/cutadapt/20250430_PECOe-810_S308_R1_001.fastq.gz",456028,456028
"/Users/katesheridan/Documents/GitHub/chapter2/rawdata/peco/fastq/12S_PECO_2022_Redos_Run20250301/Analysis/1/Data/fastq/fixed/cutadapt/20250430_PECOe-811_S309_R1_001.fastq.gz",272,272
"/Users/katesheridan/Documents/GitHub/chapter2/rawdata/peco/fastq/12S_PECO_2022_Redos_Run20250301/Analysis/1/Data/fastq/fixed/cutadapt/20250430_PECOe-812_S310_R1_001.fastq.gz",326512,326512
"/Users/katesheridan/Documents/GitHub/chapter2/rawdata/peco/fastq/12S_PECO_2022_Redos_Run20250301/Analysis/1/Data/fastq/fixed/cutadapt/20250430_PECOe-813_S311_R1_001.fastq.gz",304000,304000
"/Users/katesheridan/Documents/GitHub/chapter2/rawdata/peco/fastq/12S_PECO_2022_Redos_Run20250301/Analysis/1/Data/fastq/fixed/cutadapt/20250430_PECOe-815_S313_R1_001.fastq.gz",297120,297120
"/Users/katesheridan/Documents/GitHub/chapter2/rawdata/peco/fastq/12S_PECO_2022_Redos_Run20250301/Analysis/1/Data/fastq/fixed/cutadapt/20250430_PECOe-817_S315_R1_001.fastq.gz",336519,336519
"/Users/katesheridan/Documents/GitHub/chapter2/rawdata/peco/fastq/12S_PECO_2022_Redos_Run20250301/Analysis/1/Data/fastq/fixed/cutadapt/20250430_PECOe-818_S316_R1_001.fastq.gz",377543,377543
"/Users/katesheridan/Documents/GitHub/chapter2/rawdata/peco/fastq/12S_PECO_2022_Redos_Run20250301/Analysis/1/Data/fastq/fixed/cutadapt/20250430_PECOe-819_S317_R1_001.fastq.gz",337954,337954
"/Users/katesheridan/Documents/GitHub/chapter2/rawdata/peco/fastq/12S_PECO_2022_Redos_Run20250301/Analysis/1/Data/fastq/fixed/cutadapt/20250430_PECOe-820_S318_R1_001.fastq.gz",345704,345704
"/Users/katesheridan/Documents/GitHub/chapter2/rawdata/peco/fastq/12S_PECO_2022_Redos_Run20250301/Analysis/1/Data/fastq/fixed/cutadapt/20250430_PECOe-821_S319_R1_001.fastq.gz",2,2
"/Users/katesheridan/Documents/GitHub/chapter2/rawdata/peco/fastq/12S_PECO_2022_Redos_Run20250301/Analysis/1/Data/fastq/fixed/cutadapt/20250430_PECOe-822_S320_R1_001.fastq.gz",337163,337163
"/Users/katesheridan/Documents/GitHub/chapter2/rawdata/peco/fastq/12S_PECO_2022_Redos_Run20250301/Analysis/1/Data/fastq/fixed/cutadapt/20250430_PECOe-823_S321_R1_001.fastq.gz",368905,368905
"/Users/katesheridan/Documents/GitHub/chapter2/rawdata/peco/fastq/12S_PECO_2022_Redos_Run20250301/Analysis/1/Data/fastq/fixed/cutadapt/20250430_PECOe-825_S323_R1_001.fastq.gz",374321,374321
"/Users/katesheridan/Documents/GitHub/chapter2/rawdata/peco/fastq/12S_PECO_2022_Redos_Run20250301/Analysis/1/Data/fastq/fixed/cutadapt/20250430_PECOe-826_S324_R1_001.fastq.gz",22,22
"/Users/katesheridan/Documents/GitHub/chapter2/rawdata/peco/fastq/12S_PECO_2022_Redos_Run20250301/Analysis/1/Data/fastq/fixed/cutadapt/20250430_PECOe-827_S325_R1_001.fastq.gz",581754,581754
"/Users/katesheridan/Documents/GitHub/chapter2/rawdata/peco/fastq/12S_PECO_2022_Redos_Run20250301/Analysis/1/Data/fastq/fixed/cutadapt/20250430_PECOe-828_S326_R1_001.fastq.gz",366457,366457
"/Users/katesheridan/Documents/GitHub/chapter2/rawdata/peco/fastq/12S_PECO_2022_Redos_Run20250301/Analysis/1/Data/fastq/fixed/cutadapt/20250430_PECOe-829_S327_R1_001.fastq.gz",494069,494069
"/Users/katesheridan/Documents/GitHub/chapter2/rawdata/peco/fastq/12S_PECO_2022_Redos_Run20250301/Analysis/1/Data/fastq/fixed/cutadapt/20250430_PECOe-830_S328_R1_001.fastq.gz",311328,311328
"/Users/katesheridan/Documents/GitHub/chapter2/rawdata/peco/fastq/12S_PECO_2022_Redos_Run20250301/Analysis/1/Data/fastq/fixed/cutadapt/20250430_PECOe-832_S330_R1_001.fastq.gz",290532,290532
"/Users/katesheridan/Documents/GitHub/chapter2/rawdata/peco/fastq/12S_PECO_2022_Redos_Run20250301/Analysis/1/Data/fastq/fixed/cutadapt/20250430_PECOe-833_S331_R1_001.fastq.gz",349617,349617
"/Users/katesheridan/Documents/GitHub/chapter2/rawdata/peco/fastq/12S_PECO_2022_Redos_Run20250301/Analysis/1/Data/fastq/fixed/cutadapt/20250430_PECOe-835_S333_R1_001.fastq.gz",363094,363094
"/Users/katesheridan/Documents/GitHub/chapter2/rawdata/peco/fastq/12S_PECO_2022_Redos_Run20250301/Analysis/1/Data/fastq/fixed/cutadapt/20250430_PECOe-836_S334_R1_001.fastq.gz",235871,235871
"/Users/katesheridan/Documents/GitHub/chapter2/rawdata/peco/fastq/12S_PECO_2022_Redos_Run20250301/Analysis/1/Data/fastq/fixed/cutadapt/20250430_PECOe-837_S335_R1_001.fastq.gz",342635,342635
"/Users/katesheridan/Documents/GitHub/chapter2/rawdata/peco/fastq/12S_PECO_2022_Redos_Run20250301/Analysis/1/Data/fastq/fixed/cutadapt/20250430_PECOe-838_S336_R1_001.fastq.gz",340022,340022
"/Users/katesheridan/Documents/GitHub/chapter2/rawdata/peco/fastq/12S_PECO_2022_Redos_Run20250301/Analysis/1/Data/fastq/fixed/cutadapt/20250430_PECOe-839_S337_R1_001.fastq.gz",437927,437927
"/Users/katesheridan/Documents/GitHub/chapter2/rawdata/peco/fastq/12S_PECO_2022_Redos_Run20250301/Analysis/1/Data/fastq/fixed/cutadapt/20250430_PECOe-840_S338_R1_001.fastq.gz",2,2
"/Users/katesheridan/Documents/GitHub/chapter2/rawdata/peco/fastq/12S_PECO_2022_Redos_Run20250301/Analysis/1/Data/fastq/fixed/cutadapt/20250430_PECOe-841_S339_R1_001.fastq.gz",10,10
"/Users/katesheridan/Documents/GitHub/chapter2/rawdata/peco/fastq/12S_PECO_2022_Redos_Run20250301/Analysis/1/Data/fastq/fixed/cutadapt/20250430_PECOe-842_S340_R1_001.fastq.gz",356925,356925
"/Users/katesheridan/Documents/GitHub/chapter2/rawdata/peco/fastq/12S_PECO_2022_Redos_Run20250301/Analysis/1/Data/fastq/fixed/cutadapt/20250430_PECOe-843_S341_R1_001.fastq.gz",362971,362971
"/Users/katesheridan/Documents/GitHub/chapter2/rawdata/peco/fastq/12S_PECO_2022_Redos_Run20250301/Analysis/1/Data/fastq/fixed/cutadapt/20250430_PECOe-844_S342_R1_001.fastq.gz",327059,327059
"/Users/katesheridan/Documents/GitHub/chapter2/rawdata/peco/fastq/12S_PECO_2022_Redos_Run20250301/Analysis/1/Data/fastq/fixed/cutadapt/20250430_PECOe-845_S343_R1_001.fastq.gz",294092,294092
"/Users/katesheridan/Documents/GitHub/chapter2/rawdata/peco/fastq/12S_PECO_2022_Redos_Run20250301/Analysis/1/Data/fastq/fixed/cutadapt/20250430_PECOe-846_S344_R1_001.fastq.gz",353449,353449
"/Users/katesheridan/Documents/GitHub/chapter2/rawdata/peco/fastq/12S_PECO_2022_Redos_Run20250301/Analysis/1/Data/fastq/fixed/cutadapt/20250430_PECOe-847_S345_R1_001.fastq.gz",381274,381274
"/Users/katesheridan/Documents/GitHub/chapter2/rawdata/peco/fastq/12S_PECO_2022_Redos_Run20250301/Analysis/1/Data/fastq/fixed/cutadapt/20250430_PECOe-848_S346_R1_001.fastq.gz",326322,326322
"/Users/katesheridan/Documents/GitHub/chapter2/rawdata/peco/fastq/12S_PECO_2022_Redos_Run20250301/Analysis/1/Data/fastq/fixed/cutadapt/20250430_PECOe-849_S347_R1_001.fastq.gz",567662,567662
"/Users/katesheridan/Documents/GitHub/chapter2/rawdata/peco/fastq/12S_PECO_2022_Redos_Run20250301/Analysis/1/Data/fastq/fixed/cutadapt/20250430_PECOe-850_S348_R1_001.fastq.gz",525133,525133
"/Users/katesheridan/Documents/GitHub/chapter2/rawdata/peco/fastq/12S_PECO_2022_Redos_Run20250301/Analysis/1/Data/fastq/fixed/cutadapt/20250430_PECOe-851_S349_R1_001.fastq.gz",404834,404834
"/Users/katesheridan/Documents/GitHub/chapter2/rawdata/peco/fastq/12S_PECO_2022_Redos_Run20250301/Analysis/1/Data/fastq/fixed/cutadapt/20250430_PECOe-852_S350_R1_001.fastq.gz",294917,294917
"/Users/katesheridan/Documents/GitHub/chapter2/rawdata/peco/fastq/12S_PECO_2022_Redos_Run20250301/Analysis/1/Data/fastq/fixed/cutadapt/20250430_PECOe-853_S351_R1_001.fastq.gz",445216,445216
"/Users/katesheridan/Documents/GitHub/chapter2/rawdata/peco/fastq/12S_PECO_2022_Redos_Run20250301/Analysis/1/Data/fastq/fixed/cutadapt/20250430_PECOe-854_S352_R1_001.fastq.gz",1302,1302
"/Users/katesheridan/Documents/GitHub/chapter2/rawdata/peco/fastq/12S_PECO_2022_Redos_Run20250301/Analysis/1/Data/fastq/fixed/cutadapt/20250430_PECOe-855_S353_R1_001.fastq.gz",281945,281945
"/Users/katesheridan/Documents/GitHub/chapter2/rawdata/peco/fastq/12S_PECO_2022_Redos_Run20250301/Analysis/1/Data/fastq/fixed/cutadapt/20250430_PECOe-859_S357_R1_001.fastq.gz",11,11
"/Users/katesheridan/Documents/GitHub/chapter2/rawdata/peco/fastq/12S_PECO_2022_Redos_Run20250301/Analysis/1/Data/fastq/fixed/cutadapt/20250430_PECOe-860_S358_R1_001.fastq.gz",82009,82009
"/Users/katesheridan/Documents/GitHub/chapter2/rawdata/peco/fastq/12S_PECO_2022_Redos_Run20250301/Analysis/1/Data/fastq/fixed/cutadapt/20250430_PECOe-861_S359_R1_001.fastq.gz",376953,376953
"/Users/katesheridan/Documents/GitHub/chapter2/rawdata/peco/fastq/12S_PECO_2022_Redos_Run20250301/Analysis/1/Data/fastq/fixed/cutadapt/20250430_PECOe-866_S364_R1_001.fastq.gz",5,5
"/Users/katesheridan/Documents/GitHub/chapter2/rawdata/peco/fastq/12S_PECO_2022_Redos_Run20250301/Analysis/1/Data/fastq/fixed/cutadapt/20250430_PECOe-867_S365_R1_001.fastq.gz",840,840
"/Users/katesheridan/Documents/GitHub/chapter2/rawdata/peco/fastq/12S_PECO_2022_Redos_Run20250301/Analysis/1/Data/fastq/fixed/cutadapt/20250430_PECOe-869_S367_R1_001.fastq.gz",17375,17375
