[Header],
FileFormatVersion,2
RunName,PECO2021_Redo_Run2025-04-16
InstrumentPlatform,NextSeq1k2k
IndexOrientation,Forward

[Reads]
Read1Cycles,300
Read2Cycles,300
Index1Cycles,10
Index2Cycles,10

[Sequencing_Settings]
LibraryPrepKits,NexteraXT

[BCLConvert_Settings]
SoftwareVersion,4.2.7
AdapterRead1,CTGTCTCTTATACACATCT
AdapterRead2,CTGTCTCTTATACACATCT
OverrideCycles,Y300;I10;I10;Y300
BarcodeMismatchesIndex1,1
BarcodeMismatchesIndex2,1
FastqCompressionFormat,gzip
NoLaneSplitting,true

[BCLConvert_Data]
Sample_ID,Index,Index2
PECOe001,GAACTGAGCG,TCGTGGAGCG
PECOe002,AGGTCAGATA,CTACAAGATA
PECOe003,CGACATCCGA,TACGTTCATT
PECOe004,ATTCCATAAG,TGCCTGGTGG
PECOe005,CACAATAGGA,TCCATCCGAG
PECOe006,AACATCGCGC,GTCCACTTGT
PECOe007,CTAGTGCTCT,TGGAACAGTA
PECOe011,GATCAAGGCA,CCTTGTTAAT
PECOe012,GACTGAGTAG,GTTGATAGTG
PECOe013,AGTCAGACGA,ACCAGCGACA
PECOe014,CCGTATGTTC,CATACACTGT
PECOe015,GAGTCATAGG,GTGTGGCGCT
PECOe016,CTTGCCATTA,ATCACGAAGG
PECOe017,GAAGCGGCAC,CGGCTCTACT
PECOe018,TCCATTGCCG,GAATGCACGA
PECOe019,CGGTTACGGC,AAGACTATAG
PECOe020,GAGAATGGTT,TCGGCAGCAA
PECOe021,AGAGGCAACC,CTAATGATGG
PECOe022,CCATCATTAG,GGTTGCCTCT
PECOe023,GATAGGCCGA,CGCACATGGC
PECOe024,ATGGTTGACT,GGCCTGTCCT
PECOe025,TATTGCGCTC,CTGTGTTAGG
PECOe026,ACGCCTTGTT,TAAGGAACGT
PECOe027,TTCTACATAC,CTAACTGTAA
PECOe028,AACCATAGAA,GGCGAGATGG
PECOe030,GGTTGCGAGG,AATAGAGCAA
PECOe031,TAAGCATCCA,TCAATCCATT
PECOe032,ACCACGACAT,TCGTATGCGG
PECOe033,GCCGCACTCT,TCCGACCTCG
PECOe034,CCACCAGGCA,CTTATGGAAT
PECOe035,GTGACACGCA,GCTTACGGAC
PECOe036,ACAGTGTATG,GAACATACGG
PECOe037,TGATTATACG,GTCGATTACA
PECOe038,CAGCCGCGTA,ACTAGCCGTG
PECOe039,GGTAACTCGC,AAGTTGGTGA
PECOe040,ACCGGCCGTA,TGGCAATATT
PECOe041,TGTAATCGAC,GATCACCGCG
PECOe042,GTGCAGACAG,TACCATCCGT
PECOe043,CAATCGGCTG,GCTGTAGGAA
PECOe044,TATGTAGTCA,CGCACTAATG
PECOe045,ACTCGGCAAT,GACAACTGAA
PECOe046,GTCTAATGGC,AGTGGTCAGG
PECOe047,CCATCTCGCC,TTCTATGGTT
PECOe048,CTGCGAGCCA,AATCCGGCCA
PECOe049,CGTTATTCTA,CCATAAGGTT
PECOe050,GCAACATGGA,CTTGTCTTAA
PECOe051,GTCCTGGATA,CGGTGGCGAA
PECOe052,CAGTGGCACT,TAACAATAGG
PECOe053,AGTGTTGCAC,CTGGTACACG
PECOe054,GACACCATGT,TCAACGTGTA
PECOe055,CCTGTCTGTC,ACTGTTGTGA
PECOe056,TGATGTAAGA,GTGCGTCCTT
PECOe057,TAGTTCGGTA,CCATGTGTAG
PECOe058,CTATTACTAC,GAGTCTCTCC
PECOe059,TAGCATAACC,GCTATGCGCA
PECOe060,ACTCTATTGT,ATCGCATATG
PECOe061,TCTATCCTAA,CGTCGACTGG
PECOe062,CTCGCTTCGG,TACTAGTCAA
PECOe063,CTGTTGGTCC,ATAGACCGTT
PECOe064,TTACCTGGAA,ACAGTTCCAG
PECOe065,TGGCTAATCA,AGGCATGTAG
PECOe066,AACACTGTTA,GCAAGTCTCA
PECOe067,ATTGCGCGGT,TTGGCTCCGC
PECOe068,TGGCGCGAAC,AACTGATACT
PECOe069,TAATGTGTCT,GTAAGGCATA
PECOe070,ATACCAACGC,AATTGCTGCG
PECOe071,AGGATGTGCT,TTACAATTCC
PECOe072,CACGGAACAA,AACCTAGCAC
PECOe073,CCAAGGCCTT,TCGAAGTACT
PECOe074,TTACTCCACA,GACACCGATG
PECOe075,AGTAGAAGTG,CTAGCGTCGA
pecoe106,TACGAGTCCA,TAGCGAAGCA
pecoe107,TCTCATGATA,AACACGTGGA
pecoe108,CGAGGCCAAG,GTGTTACCGG
pecoe109,TTCACGAGAC,AGATTGTTAC
pecoe110,GCGTGGATGG,TTGACCAATG
pecoe111,TCTGGTATCC,CGTTGCTTAC
pecoe112,CATTAGTGCG,TGACTACATA
pecoe113,ACGGTCAGGA,CGGCCTCGTT
pecoe114,GGCAAGCCAG,CAAGCATCCG
pecoe115,TGTCGCTGGT,TCGTCTGACT
pecoe116,ACCGTTACAA,CTCATAGCGA
pecoe117,TATGCCTTAC,AGACACATTA
pecoe118,ACTGGATCTA,TCGCCGCTAG
pecoe119,TGGTACCTAA,CATGAGTACT
pecoe120,TTGGAATTCC,ACGTCAATAC
PECOe121,CCTCTACATG,GATACCTCCT
pecoe122,GGAGCGTGTA,ATCCGTAAGT
PECOe123,GTCCGTAAGC,CGTGTATCTT
pecoe124,ACTTCAAGCG,GAACCATGAA
PECOe125,TCAGAAGGCG,GGCCATCATA
pecoe126,GCGTTGGTAT,ACATACTTCC
pecoe127,ACATATCCAG,TATGTGCAAT
pecoe128,TCATAGATTG,GATTAAGGTG
pecoe129,GTATTCCACC,ATGTAGACAA
NEG_PCR1_2021,CCTCCGTCCA,CACATCGGTG
PECOe131,TGCCGGTCAG,CCTGATACAA
PECOe132,CACTCAATTC,TTAAGTTGTG
PECOe133,TCTCACACGC,CGGACAGTGA
PECOe134,TCAATGGAGA,GCACTACAAC
PECOe135,ATATGCATGT,TGGTGCCTGG
PECOe136,CTAGCTTCAA,TGTGTAAGCT
PECOe137,TCCGTTATGT,TTGTAGTGTA
PECOe138,GGTCTATTAA,CCACGACACG
PECOe139,CAGCAATCGT,TGTGATGTAT
PECOe140,TTCTGTAGAA,GAGCGCAATA
PECOe141,GAACGCAATA,ATCTTACTGT
PECOe142,AGTACTCATG,ATGTCGTGGT
PECOe143,GGTAGAATTA,GTAGCCATCA
PECOe144,TAATTAGCGT,TGGTTAAGAA
PECOe145,ATTAACAAGG,TGTTGTTCGT
PECOe146,TGATGGCTAC,CCAACAACAT
PECOe147,GAATTACAAG,ACCGGCTCAG
PECOe148,TAGAATTGGA,GTTAATCTGA
PECOe149,AGGCAGCTCT,CGGCTAACGT
PECOe150,ATCGGCGAAG,TCCAAGAATT
PECOe151,CCGTGACCGA,CCGAACGTTG
PECOe152,ATACTTGTTC,TAACCGCCGA
PECOe153,TCCGCCAATT,CTCCGTGCTG
PECOe154,AGGACAGGCC,CATTCCAGCT
PECOe155,AGAGAACCTA,GGTTATGCTA
PECOe161,GATATTGTGT,ACCACACGGT
PECOe162,CGTACAGGAA,TAGGTTCTCT
PECOe163,CTGCGTTACC,TATGGCTCGA
PECOe164,AGGCCGTGGA,CTCGTGCGTT
PECOe165,AGGAGGTATC,CCAGTTGGCA
PECOe166,GCTGACGTTG,TGTTCGCATT
PECOe167,CTAATAACCG,AACCGCATCG
PECOe168,TCTAGGCGCG,CGAAGGTTAA
PECOe169,ATAGCCAAGA,AGTGCCACTG
PECOe170,TTCGGTGTGA,GAACAAGTAT
PECOe171,ATGTAACGTT,ACGATTGCTG
PECOe172,AACGAGGCCG,ATACCTGGAT
PECOe173,TGGTGTTATG,TCCAATTCTA
PECOe174,TGGCCTCTGT,TGAGACAGCG
PECOe175,CCAGGCACCA,ACGCTAATTA
PECOe176,CCGGTTCCTA,TATATTCGAG
PECOe177,GGCCAATATT,CGGTCCGATA
PECOe178,GAATACCTAT,ACAATAGAGT
PECOe179,TACGTGAAGG,CGGTTATTAG
PECOe180,CTTATTGGCC,GATAACAAGT
PECOe181,ACAACTACTG,AGTTATCACA
PECOe182,GTTGGATGAA,TTCCAGGTAA
PECOe183,AATCCAATTG,CATGTAGAGG
PECOe184,GTGCTAGGTT,TGAATATTGC
PECOe185,ACAGCGACCA,CAGGAGCTCT
PECOe186,TCCACACAGA,TTGTCGGATG
PECOe187,AAGTGTTAGG,GCTAGTTCCG
PECOe188,GATTCTGAAT,AGCGGTGGAC
PECOe189,TAGAGAATAC,TATAGATTCG
PECOe190,TTGTATCAGG,ACAGAGGCCA
PECOe191,CACAGCGGTC,ATTCCTATTG
PECOe192,CCACGCTGAA,TATTCCTCAG
PECOe193,GTTCGGAGTT,CGCCTTCTGA
PECOe194,ATGTCGTATT,TTCTTGCTGG
PECOe195,GCAATATTCA,GGCGCCAATT
PECOe196,CTAGATTGCG,AGATATGGCG
PECOe197,CGATGCGGTT,CCTGCTTGGT
PECOe198,TCCGGACTAG,GACGAACAAT
PECOe199,GTGACGGAGC,TGGCGGTCCA
PECOe200,AATTCCATCT,CTTCAGTTAC
PECOe201,TTAACGGTGT,TCCTGACCGT
PECOe202,ACTTGTTATC,CGCGCCTAGA
PECOe203,CGTGTACCAG,AGGATAAGTT
PECOe204,TTAACCTTCG,AGGCCAGACA
PECOe205,CATATGCGAT,CCTTGAACGG
PECOe206,AGCCTATGAT,CACCACCTAC
PECOe207,TATGACAATC,TTGCTTGTAT
PECOe208,ATGTTGTTGG,CAATCTATGA
PECOe209,GCACCACCAA,TGGTACTGAT
PECOe210,AGGCGTTCGC,TTCATCCAAC
pecoe211,CCTCCGGTTG,CATAACACCA
pecoe212,GTCCACCGCT,TCCTATTAGC
PECOe213,ATTGTTCGTC,TCTCTAGATT
PECOe214,GGACCAGTGG,CGCGAGCCTA
pecoe215,CCTTCTAACA,GATAAGCTCT
PECOe216,CTCGAATATA,GAGATGTCGA
PECOe217,GATCGTCGCG,CTGGATATGT
PECOe218,CCGACCTGTC,TGCTCATAAC
PECOe219,CGCTGTCTCA,ATTACTCACC
PECOe220,AATGCGAACA,AATTGGCGGA
PECOe221,AATTCTTGGA,TTGTCAACTT
PECOe222,TTCCTACAGC,GGCGAATTCT
PECOe223,ATCCAGGTAT,CAACGTCAGC
PECOe224,ACGGTCCAAC,TCTTACATCA
PECOe225,GTAACTTGGT,CGCCATACCT
PECOe226,AGCGCCACAC,CTAATGTCTT
PECOe227,TGCTACTGCC,CAACCGGAGG
PECOe228,CAACACCGCA,GGCAGTAGCA
PECOe229,CACCTTAATC,TTAGGATAGA
PECOe230,TTGAATGTTG,CGCAATCTAG
NEG_PCR2_2021,CCGGTAACAC,GAGTTGTACT
PECOe232,ATCGTTACGG,GCTCCGGAAG
PECOe233,TCCTACGTCA,TACTTAAGTG
PECOe234,GTTATATCGC,AAGACAAGGA
PECOe235,GTTGGCCATC,TGACATTCGT
PECOe236,TCCTGGTTGT,CTGACCGGCA
PECOe237,TAATTCTGCT,TCTCATCAAT
PECOe238,CGCACGACTG,GGACCAACAG
PECOe239,GAGGTTAGAC,AATGTATTGC
PECOe240,AACCGAGTTC,GATCTCTGGA
PECOe241,TGTGATAACT,CAGGCGCCAT
PECOe242,AGTATGCTAC,TTAATAGACC
PECOe243,GTAACTGAAG,GGAGTCGCGA
PECOe244,TCCTCGGACT,AACGCCAGAG
PECOe245,CTGGAACTGT,CGTAATTAAC
PECOe280,GAATATGCGG,ACGAGACTGA
PECOe281,GATCGGATAA,GTATCGGCCG
PECOe282,GCTAGACTAT,AATACGACAT
PECOe283,AGCTACTATA,GTTATATGGC
PECOe284,CCACCGGAGT,GCCTGCCATG
PECOe285,CTTACCGCAC,TAAGACCTAT
PECOe286,TTAGGATATC,TATACCATGG
PECOe287,TTATACGCGA,GCCGTCTGTT
PECOe288,CGCTTAGAAT,CAGAGTGATA
PECOe289,CCGAAGCGCT,TGCTAACTAT
PECOe290,CACTATCAAC,TCAGTTAATG
PECOe291,CATCTACGTA,TGTAATTGAG
PECOe292,TTACAGTTAG,ACATGCATAT
PECOe293,CTAAGTACGC,AACATACCTA
PECOe294,CTAGAGCGCA,GCTTCTAGCA
PECOe295,TCGATCACGC,CATAGAGCCT
PECOe296,AACCTGGCTC,TGAGTATGTT
PECOe297,TTATGGAAGT,GACAATAACA
PECOe298,TAGTGGAAGC,AGTACCTATA
PECOe299,CGCCATATCT,GACCGGAGAT
PECOe300,GCAGCCTCAA,TAAGTGCTAG
PECOe301,ACTAGCGCTA,TTACTTCCTC
PECOe302,GCTCTTAACT,CACGTCCACC
PECOe303,GTGGTATCTG,GCTACTATCT
PECOe304,TGACGGCCGT,AGTCAACCAT
PECOe305,CAGTAATTAC,CGAGGCGGTA
PECOe306,TACAAGACTT,CAGGTGTTCA
PECOe307,CTGTGGTGAC,GACAGACAGG
PECOe308,CTCCACTAAT,TGTACTTGTT
PECOe309,ATAGTTAGCA,CTCTAAGTAG
PECOe310,ATAGGTCTTA,GTCACCACAG
PECOe311,TTCTTAACCA,TCTACATACC
PECOe312,AAGGAAGAGT,CACGTTAGGC
PECOe324,GGAAGGAGAC,TGGTGAGTCT
PECOe325,TGAACGCGGA,CTTCGAAGGA
PECOe326,AAGAGAGTCT,TACGAATCTT
PECOe327,TTCATGGTTC,GACATTGTCA
PECOe329,CTCTCGGCTA,TACCAGATCT
PECOe330,CACTAGACCA,ACTGCCTTAT
PECOe331,ATTATCCACT,TACGCACGTA
PECOe332,ATGGCGTGCC,CGCTTGAAGT
PECOe333,TCCAGAGATC,CTGCACTTCA
PECOe335,ATGTCCAGCA,CAGCGGACAA
PECOe336,CAACGTTCGG,GGATCCGCAT
PECOe337,GCGTATTAAT,TGCGGTGTTG
PECOe338,CCGAATCTGG,ATGAATCAAG
PECOe339,TCTCAATACC,GACGTTCGCG
PECOe340,AAGCATCTTG,CATTCAACAA
PECOe341,TCAGTCTCGT,CACGGATTAT
PECOe342,GTATAGAACA,TGTCACAGGA
PECOe343,GTAACAATCT,CTCTGTATAC
PECOe344,CCATGGTATA,TCTCGCGGAG
PECOe345,TCATACCGTT,GGTAACGCAG
PECOe346,GGCGCCATTG,ACCGCGCAAT
PECOe347,AGCGAATTAG,AGCCGGAACA
PECOe348,TTAGACCATG,TCCTAGGAAG
PECOe349,CACACAGTAT,TTGAGCCTAA
PECOe351,TCTTGTCGGC,CCACCTGTGT
PECOe352,CTAACCGAGA,TCGATGCGCG
PECOe353,AGTGTCTAGG,CCTAGAAGCA
PECOe354,GAGGAGCTTC,GACGTATACA
PECOe355,TCATCTACTA,TAGGCGACTT
PECOe356,GTAGGCGAGC,TAGGAGCGCA
PECOe357,AACTTATCCT,GTACTGGCGT
PECOe358,ATTATGTCTC,AGTTAAGAGC
PECOe359,TATAACAGCT,TCGCGTATAA
PECOe360,CCAATGATAC,GAGTGTGCCG
PECOe361,GAGGCCTATT,CTAGTCCGGA
PECOe362,AGCTAAGCGG,ATTAATACGC
PECOe363,CTTCCTAGGA,CCTAGAGTAT
PECOe364,CGATCTGTGA,TAGGAAGACT
PECOe365,GTGGACAAGT,CCGTGGCCTT
PECOe366,AACAAGTACA,GGATATATCC
PECOe367,AGATTAAGTG,CACCTCTTGG
PECOe368,TATCACTCTG,AACGTTACAT
PECOe369,AGAATTCGCC,CGGCAAGCTC
PECOe370,CCTGACCACT,TCTTGGCTAT
PECOe371,AGCTGGAATG,ACGGAATGCG
PECOe372,CCTTGGCATC,GACCGATTCG
PECOe373,TATAGGTACT,TAGGTGAGAT
PECOe374,CAAGTCTACA,CACGTACGTG
NegPCR3_2021,GAGAAGAGGA,TTGACCTAAC
PECOe377,AGATAGTAGC,GGCACGCCAT
PECOe378,ATTAGAAGAC,GCAGGCTGGA
PECOe379,GCTCGCACAT,ATGGCTTAAT
PECOe380,AATATTGCCA,CGGTGACACC
PECOe381,TCGTGCATTC,GCGTTGGTAT
PECOe382,AAGATACACG,TGTGCTAACA
PECOe383,TGCAATGAAT,CCAGAAGTAA
PECOe384,CTATGAAGGA,CTTATACCTG
PECOe385,GAAGACTAGA,ACTAGAACTT
PECOe386,CCAGGTTATC,GAATGCAGTT
PECOe387,TTCACTCACT,TATCATGAGA
PECOe388,GGTCCGCTTC,CTCACACAAG
PECOe389,TAGTGGCTTG,AGTTACTTGG
PECOe390,ATTGAGGTCC,CGGATTATAT
PECOe391,GGAGAGACTC,TTGAAGCAGA
PECOe392,CCGCTCCGTT,TACGGCGAAG
PECOe393,ATACATCACA,TCTCCATTGA
PECOe394,TAGGTATGTT,CGAGACCAAG
PECOe395,CACCTAGCAC,TGCTGGACAT
PECOe396,TTCAAGTATG,GATGGTATCG
PECOe397,TTAAGACAAG,GGCTTAATTG
PECOe398,CACCTCTCTT,CTCGACTCCT
PECOe399,TTCTCGTGCA,ATACACAGAG
PECOe400,GCTAGGAAGT,TCTCGGACGA
PECOe401,TTAATAGCAC,ACCACGTCTG
PECOe402,CATTCACGCT,GTTGTACTCA
PECOe403,GGCACTAAGG,TCAGGTCAAC
PECOe419,ATTCGGTACA,AGTCCGAGGA
PECOe420,ACTAATCTCC,CACTTAATCT
PECOe421,TGTGTTAGTA,TACTCTGTTA
PECOe422,CAACGACCTA,GCGACTCGAT
PECOe423,CGGTCGGCAT,CTAGGCAAGG
PECOe424,GTAACTCCGC,AATAGAACGG
PECOe425,CTCGTAGGCA,TCATCCTCTT
PECOe426,AAGTTCTAGT,GGTAAGATAA
PECOe427,CCAAGAGGTG,AACGAGCCAG
PECOe428,ATATCTGCTT,TAGACAATCT
PECOe429,TGGATCTGGC,CAATGCTGAA
PECOe430,TTGAATCCAA,GTCACGGTGT
PECOe431,CACGGCTAGT,GGTGTACAAG
PECOe432,GAGCTTGCCG,AGGTTGCAGG
PECOe433,AGCTAGCTTC,TAATACGGAG
PECOe434,CAATCCTTGT,CGAAGACGCA
PECOe435,CACCTGTTGC,ATTGACACAT
PECOe436,CGTCACCTTG,CAGCCGATTG
PECOe437,AATGACTGGT,TCTCACGCGT
PECOe438,ATGATTCCGG,CTCTGACGTG
PECOe439,TTAGGCTCAA,TCGAATGGAA
PECOe440,TGTAAGGTGG,AAGGCCTTGG
PECOe441,CAACTGCAAC,TGAACGCAAC
PECOe442,ACATGAGTGA,CCGCTTAGCT
PECOe443,GCAACCAGTC,CACCGAGGAA
PECOe444,GAGCGACGAT,CGTATAATCA
PECOe445,CGAACGCACC,ATGACAGAAC
PECOe446,TCTTACGCCG,ATTCATTGCA
PECOe447,AGCTGATGTC,TCATGTCCTG
PECOe448,CTGAATTAGT,AATTCGATCG
PECOe449,TAAGGAGGAA,TTCCGACATT
PECOe450,AGCTTACACA,TGGCACGACC
PECOe451,AACCAGCCAC,GCCACAGCAC
PECOe452,CTTAAGTCGA,CAGTAGTTGT
PECOe453,GCCTAACGTG,AGCTCTCAAG
PECOe454,ACTTACTTCA,TCTGGAATTA
PECOe455,CGCATTCCGT,ATTAGTGGAG
pecoe130,GATATCACAC,GACTATATGT
PECOe231,AGCGCTGTGT,CGTTCGGAAC
PECOe375,TCACCGCGCT,TCGATACTAG
PECOXN001,GATAGCCTTG,TACCACAATG
PECOXN002,CCTGGACGCA,TGGTATACCA
PECOXN003,TTACGCACCT,GCTCTCGTTG
PECOXN004,TCGTTGCTGC,GTCTCGTGAA
PECOXN005A,CGACAAGGAT,AAGGCCACCT
PECOXN005B,GTGTACCTTC,CTGTGAGCTA
PECOXN006,ACCTGGCCAA,TCACAGATCG
PECOXN007,TGTCTGGCCT,AGAAGCCAAT
PECOXN008,AGTTAATGCT,ACTGCAGCCG
PECOXN009,GGTGAGTAAT,AACATCTAGT
PECOXN010,TACTCTGCGC,CCTTACTATG
PECOXN011,AGGTATGGCG,GTGGCGAGAC
PECOXN012,TCCAGCCTGC,GCCAGATCCA
PECOXN013,GATGAATTCA,TGCTGTGATT
PECOXN014,ATCCGGCAGC,GATCGAATAA
PECOXN015,ACGAACCATG,ACTGAATTAC
PECOXN016,CAACCAAGTA,CCATCCACGC
PECOXN017,GTTGCGTTCA,GTTGCAGTTG
PECOXN018,CTTCAACCAC,TTATGCGCCT
PECOXN019,TCTATTCAGT,TCTCAGTACA
PECOXN020,CAAGACGTCC,AGTATACGGA
NegPCR4_2021,TGAGTACAAC,ACGCTTGGAC
NegPCR_beadsClean_2021,CCGCGGTTCT,GGAGTAGATT

[Cloud_Settings]
GeneratedVersion,1.17.0.202502170515

[Cloud_Data]
Sample_ID,ProjectName,LibraryName,LibraryPrepKitName,IndexAdapterKitName
PECOe001,PECO2021_redos,PECOe001_GAACTGAGCG_TCGTGGAGCG,NexteraXT,IlluminaDNARNAUDISetABCDTagmentation
PECOe002,PECO2021_redos,PECOe002_AGGTCAGATA_CTACAAGATA,NexteraXT,IlluminaDNARNAUDISetABCDTagmentation
PECOe003,PECO2021_redos,PECOe003_CGACATCCGA_TACGTTCATT,NexteraXT,IlluminaDNARNAUDISetABCDTagmentation
PECOe004,PECO2021_redos,PECOe004_ATTCCATAAG_TGCCTGGTGG,NexteraXT,IlluminaDNARNAUDISetABCDTagmentation
PECOe005,PECO2021_redos,PECOe005_CACAATAGGA_TCCATCCGAG,NexteraXT,IlluminaDNARNAUDISetABCDTagmentation
PECOe006,PECO2021_redos,PECOe006_AACATCGCGC_GTCCACTTGT,NexteraXT,IlluminaDNARNAUDISetABCDTagmentation
PECOe007,PECO2021_redos,PECOe007_CTAGTGCTCT_TGGAACAGTA,NexteraXT,IlluminaDNARNAUDISetABCDTagmentation
PECOe011,PECO2021_redos,PECOe011_GATCAAGGCA_CCTTGTTAAT,NexteraXT,IlluminaDNARNAUDISetABCDTagmentation
PECOe012,PECO2021_redos,PECOe012_GACTGAGTAG_GTTGATAGTG,NexteraXT,IlluminaDNARNAUDISetABCDTagmentation
PECOe013,PECO2021_redos,PECOe013_AGTCAGACGA_ACCAGCGACA,NexteraXT,IlluminaDNARNAUDISetABCDTagmentation
PECOe014,PECO2021_redos,PECOe014_CCGTATGTTC_CATACACTGT,NexteraXT,IlluminaDNARNAUDISetABCDTagmentation
PECOe015,PECO2021_redos,PECOe015_GAGTCATAGG_GTGTGGCGCT,NexteraXT,IlluminaDNARNAUDISetABCDTagmentation
PECOe016,PECO2021_redos,PECOe016_CTTGCCATTA_ATCACGAAGG,NexteraXT,IlluminaDNARNAUDISetABCDTagmentation
PECOe017,PECO2021_redos,PECOe017_GAAGCGGCAC_CGGCTCTACT,NexteraXT,IlluminaDNARNAUDISetABCDTagmentation
PECOe018,PECO2021_redos,PECOe018_TCCATTGCCG_GAATGCACGA,NexteraXT,IlluminaDNARNAUDISetABCDTagmentation
PECOe019,PECO2021_redos,PECOe019_CGGTTACGGC_AAGACTATAG,NexteraXT,IlluminaDNARNAUDISetABCDTagmentation
PECOe020,PECO2021_redos,PECOe020_GAGAATGGTT_TCGGCAGCAA,NexteraXT,IlluminaDNARNAUDISetABCDTagmentation
PECOe021,PECO2021_redos,PECOe021_AGAGGCAACC_CTAATGATGG,NexteraXT,IlluminaDNARNAUDISetABCDTagmentation
PECOe022,PECO2021_redos,PECOe022_CCATCATTAG_GGTTGCCTCT,NexteraXT,IlluminaDNARNAUDISetABCDTagmentation
PECOe023,PECO2021_redos,PECOe023_GATAGGCCGA_CGCACATGGC,NexteraXT,IlluminaDNARNAUDISetABCDTagmentation
PECOe024,PECO2021_redos,PECOe024_ATGGTTGACT_GGCCTGTCCT,NexteraXT,IlluminaDNARNAUDISetABCDTagmentation
PECOe025,PECO2021_redos,PECOe025_TATTGCGCTC_CTGTGTTAGG,NexteraXT,IlluminaDNARNAUDISetABCDTagmentation
PECOe026,PECO2021_redos,PECOe026_ACGCCTTGTT_TAAGGAACGT,NexteraXT,IlluminaDNARNAUDISetABCDTagmentation
PECOe027,PECO2021_redos,PECOe027_TTCTACATAC_CTAACTGTAA,NexteraXT,IlluminaDNARNAUDISetABCDTagmentation
PECOe028,PECO2021_redos,PECOe028_AACCATAGAA_GGCGAGATGG,NexteraXT,IlluminaDNARNAUDISetABCDTagmentation
PECOe030,PECO2021_redos,PECOe030_GGTTGCGAGG_AATAGAGCAA,NexteraXT,IlluminaDNARNAUDISetABCDTagmentation
PECOe031,PECO2021_redos,PECOe031_TAAGCATCCA_TCAATCCATT,NexteraXT,IlluminaDNARNAUDISetABCDTagmentation
PECOe032,PECO2021_redos,PECOe032_ACCACGACAT_TCGTATGCGG,NexteraXT,IlluminaDNARNAUDISetABCDTagmentation
PECOe033,PECO2021_redos,PECOe033_GCCGCACTCT_TCCGACCTCG,NexteraXT,IlluminaDNARNAUDISetABCDTagmentation
PECOe034,PECO2021_redos,PECOe034_CCACCAGGCA_CTTATGGAAT,NexteraXT,IlluminaDNARNAUDISetABCDTagmentation
PECOe035,PECO2021_redos,PECOe035_GTGACACGCA_GCTTACGGAC,NexteraXT,IlluminaDNARNAUDISetABCDTagmentation
PECOe036,PECO2021_redos,PECOe036_ACAGTGTATG_GAACATACGG,NexteraXT,IlluminaDNARNAUDISetABCDTagmentation
PECOe037,PECO2021_redos,PECOe037_TGATTATACG_GTCGATTACA,NexteraXT,IlluminaDNARNAUDISetABCDTagmentation
PECOe038,PECO2021_redos,PECOe038_CAGCCGCGTA_ACTAGCCGTG,NexteraXT,IlluminaDNARNAUDISetABCDTagmentation
PECOe039,PECO2021_redos,PECOe039_GGTAACTCGC_AAGTTGGTGA,NexteraXT,IlluminaDNARNAUDISetABCDTagmentation
PECOe040,PECO2021_redos,PECOe040_ACCGGCCGTA_TGGCAATATT,NexteraXT,IlluminaDNARNAUDISetABCDTagmentation
PECOe041,PECO2021_redos,PECOe041_TGTAATCGAC_GATCACCGCG,NexteraXT,IlluminaDNARNAUDISetABCDTagmentation
PECOe042,PECO2021_redos,PECOe042_GTGCAGACAG_TACCATCCGT,NexteraXT,IlluminaDNARNAUDISetABCDTagmentation
PECOe043,PECO2021_redos,PECOe043_CAATCGGCTG_GCTGTAGGAA,NexteraXT,IlluminaDNARNAUDISetABCDTagmentation
PECOe044,PECO2021_redos,PECOe044_TATGTAGTCA_CGCACTAATG,NexteraXT,IlluminaDNARNAUDISetABCDTagmentation
PECOe045,PECO2021_redos,PECOe045_ACTCGGCAAT_GACAACTGAA,NexteraXT,IlluminaDNARNAUDISetABCDTagmentation
PECOe046,PECO2021_redos,PECOe046_GTCTAATGGC_AGTGGTCAGG,NexteraXT,IlluminaDNARNAUDISetABCDTagmentation
PECOe047,PECO2021_redos,PECOe047_CCATCTCGCC_TTCTATGGTT,NexteraXT,IlluminaDNARNAUDISetABCDTagmentation
PECOe048,PECO2021_redos,PECOe048_CTGCGAGCCA_AATCCGGCCA,NexteraXT,IlluminaDNARNAUDISetABCDTagmentation
PECOe049,PECO2021_redos,PECOe049_CGTTATTCTA_CCATAAGGTT,NexteraXT,IlluminaDNARNAUDISetABCDTagmentation
PECOe050,PECO2021_redos,PECOe050_GCAACATGGA_CTTGTCTTAA,NexteraXT,IlluminaDNARNAUDISetABCDTagmentation
PECOe051,PECO2021_redos,PECOe051_GTCCTGGATA_CGGTGGCGAA,NexteraXT,IlluminaDNARNAUDISetABCDTagmentation
PECOe052,PECO2021_redos,PECOe052_CAGTGGCACT_TAACAATAGG,NexteraXT,IlluminaDNARNAUDISetABCDTagmentation
PECOe053,PECO2021_redos,PECOe053_AGTGTTGCAC_CTGGTACACG,NexteraXT,IlluminaDNARNAUDISetABCDTagmentation
PECOe054,PECO2021_redos,PECOe054_GACACCATGT_TCAACGTGTA,NexteraXT,IlluminaDNARNAUDISetABCDTagmentation
PECOe055,PECO2021_redos,PECOe055_CCTGTCTGTC_ACTGTTGTGA,NexteraXT,IlluminaDNARNAUDISetABCDTagmentation
PECOe056,PECO2021_redos,PECOe056_TGATGTAAGA_GTGCGTCCTT,NexteraXT,IlluminaDNARNAUDISetABCDTagmentation
PECOe057,PECO2021_redos,PECOe057_TAGTTCGGTA_CCATGTGTAG,NexteraXT,IlluminaDNARNAUDISetABCDTagmentation
PECOe058,PECO2021_redos,PECOe058_CTATTACTAC_GAGTCTCTCC,NexteraXT,IlluminaDNARNAUDISetABCDTagmentation
PECOe059,PECO2021_redos,PECOe059_TAGCATAACC_GCTATGCGCA,NexteraXT,IlluminaDNARNAUDISetABCDTagmentation
PECOe060,PECO2021_redos,PECOe060_ACTCTATTGT_ATCGCATATG,NexteraXT,IlluminaDNARNAUDISetABCDTagmentation
PECOe061,PECO2021_redos,PECOe061_TCTATCCTAA_CGTCGACTGG,NexteraXT,IlluminaDNARNAUDISetABCDTagmentation
PECOe062,PECO2021_redos,PECOe062_CTCGCTTCGG_TACTAGTCAA,NexteraXT,IlluminaDNARNAUDISetABCDTagmentation
PECOe063,PECO2021_redos,PECOe063_CTGTTGGTCC_ATAGACCGTT,NexteraXT,IlluminaDNARNAUDISetABCDTagmentation
PECOe064,PECO2021_redos,PECOe064_TTACCTGGAA_ACAGTTCCAG,NexteraXT,IlluminaDNARNAUDISetABCDTagmentation
PECOe065,PECO2021_redos,PECOe065_TGGCTAATCA_AGGCATGTAG,NexteraXT,IlluminaDNARNAUDISetABCDTagmentation
PECOe066,PECO2021_redos,PECOe066_AACACTGTTA_GCAAGTCTCA,NexteraXT,IlluminaDNARNAUDISetABCDTagmentation
PECOe067,PECO2021_redos,PECOe067_ATTGCGCGGT_TTGGCTCCGC,NexteraXT,IlluminaDNARNAUDISetABCDTagmentation
PECOe068,PECO2021_redos,PECOe068_TGGCGCGAAC_AACTGATACT,NexteraXT,IlluminaDNARNAUDISetABCDTagmentation
PECOe069,PECO2021_redos,PECOe069_TAATGTGTCT_GTAAGGCATA,NexteraXT,IlluminaDNARNAUDISetABCDTagmentation
PECOe070,PECO2021_redos,PECOe070_ATACCAACGC_AATTGCTGCG,NexteraXT,IlluminaDNARNAUDISetABCDTagmentation
PECOe071,PECO2021_redos,PECOe071_AGGATGTGCT_TTACAATTCC,NexteraXT,IlluminaDNARNAUDISetABCDTagmentation
PECOe072,PECO2021_redos,PECOe072_CACGGAACAA_AACCTAGCAC,NexteraXT,IlluminaDNARNAUDISetABCDTagmentation
PECOe073,PECO2021_redos,PECOe073_CCAAGGCCTT_TCGAAGTACT,NexteraXT,IlluminaDNARNAUDISetABCDTagmentation
PECOe074,PECO2021_redos,PECOe074_TTACTCCACA_GACACCGATG,NexteraXT,IlluminaDNARNAUDISetABCDTagmentation
PECOe075,PECO2021_redos,PECOe075_AGTAGAAGTG_CTAGCGTCGA,NexteraXT,IlluminaDNARNAUDISetABCDTagmentation
pecoe106,PECO2021_redos,pecoe106_TACGAGTCCA_TAGCGAAGCA,NexteraXT,IlluminaDNARNAUDISetABCDTagmentation
pecoe107,PECO2021_redos,pecoe107_TCTCATGATA_AACACGTGGA,NexteraXT,IlluminaDNARNAUDISetABCDTagmentation
pecoe108,PECO2021_redos,pecoe108_CGAGGCCAAG_GTGTTACCGG,NexteraXT,IlluminaDNARNAUDISetABCDTagmentation
pecoe109,PECO2021_redos,pecoe109_TTCACGAGAC_AGATTGTTAC,NexteraXT,IlluminaDNARNAUDISetABCDTagmentation
pecoe110,PECO2021_redos,pecoe110_GCGTGGATGG_TTGACCAATG,NexteraXT,IlluminaDNARNAUDISetABCDTagmentation
pecoe111,PECO2021_redos,pecoe111_TCTGGTATCC_CGTTGCTTAC,NexteraXT,IlluminaDNARNAUDISetABCDTagmentation
pecoe112,PECO2021_redos,pecoe112_CATTAGTGCG_TGACTACATA,NexteraXT,IlluminaDNARNAUDISetABCDTagmentation
pecoe113,PECO2021_redos,pecoe113_ACGGTCAGGA_CGGCCTCGTT,NexteraXT,IlluminaDNARNAUDISetABCDTagmentation
pecoe114,PECO2021_redos,pecoe114_GGCAAGCCAG_CAAGCATCCG,NexteraXT,IlluminaDNARNAUDISetABCDTagmentation
pecoe115,PECO2021_redos,pecoe115_TGTCGCTGGT_TCGTCTGACT,NexteraXT,IlluminaDNARNAUDISetABCDTagmentation
pecoe116,PECO2021_redos,pecoe116_ACCGTTACAA_CTCATAGCGA,NexteraXT,IlluminaDNARNAUDISetABCDTagmentation
pecoe117,PECO2021_redos,pecoe117_TATGCCTTAC_AGACACATTA,NexteraXT,IlluminaDNARNAUDISetABCDTagmentation
pecoe118,PECO2021_redos,pecoe118_ACTGGATCTA_TCGCCGCTAG,NexteraXT,IlluminaDNARNAUDISetABCDTagmentation
pecoe119,PECO2021_redos,pecoe119_TGGTACCTAA_CATGAGTACT,NexteraXT,IlluminaDNARNAUDISetABCDTagmentation
pecoe120,PECO2021_redos,pecoe120_TTGGAATTCC_ACGTCAATAC,NexteraXT,IlluminaDNARNAUDISetABCDTagmentation
PECOe121,PECO2021_redos,PECOe121_CCTCTACATG_GATACCTCCT,NexteraXT,IlluminaDNARNAUDISetABCDTagmentation
pecoe122,PECO2021_redos,pecoe122_GGAGCGTGTA_ATCCGTAAGT,NexteraXT,IlluminaDNARNAUDISetABCDTagmentation
PECOe123,PECO2021_redos,PECOe123_GTCCGTAAGC_CGTGTATCTT,NexteraXT,IlluminaDNARNAUDISetABCDTagmentation
pecoe124,PECO2021_redos,pecoe124_ACTTCAAGCG_GAACCATGAA,NexteraXT,IlluminaDNARNAUDISetABCDTagmentation
PECOe125,PECO2021_redos,PECOe125_TCAGAAGGCG_GGCCATCATA,NexteraXT,IlluminaDNARNAUDISetABCDTagmentation
pecoe126,PECO2021_redos,pecoe126_GCGTTGGTAT_ACATACTTCC,NexteraXT,IlluminaDNARNAUDISetABCDTagmentation
pecoe127,PECO2021_redos,pecoe127_ACATATCCAG_TATGTGCAAT,NexteraXT,IlluminaDNARNAUDISetABCDTagmentation
pecoe128,PECO2021_redos,pecoe128_TCATAGATTG_GATTAAGGTG,NexteraXT,IlluminaDNARNAUDISetABCDTagmentation
pecoe129,PECO2021_redos,pecoe129_GTATTCCACC_ATGTAGACAA,NexteraXT,IlluminaDNARNAUDISetABCDTagmentation
NEG_PCR1_2021,PECO2021_redos,NEG_PCR1_2021_CCTCCGTCCA_CACATCGGTG,NexteraXT,IlluminaDNARNAUDISetABCDTagmentation
PECOe131,PECO2021_redos,PECOe131_TGCCGGTCAG_CCTGATACAA,NexteraXT,IlluminaDNARNAUDISetABCDTagmentation
PECOe132,PECO2021_redos,PECOe132_CACTCAATTC_TTAAGTTGTG,NexteraXT,IlluminaDNARNAUDISetABCDTagmentation
PECOe133,PECO2021_redos,PECOe133_TCTCACACGC_CGGACAGTGA,NexteraXT,IlluminaDNARNAUDISetABCDTagmentation
PECOe134,PECO2021_redos,PECOe134_TCAATGGAGA_GCACTACAAC,NexteraXT,IlluminaDNARNAUDISetABCDTagmentation
PECOe135,PECO2021_redos,PECOe135_ATATGCATGT_TGGTGCCTGG,NexteraXT,IlluminaDNARNAUDISetABCDTagmentation
PECOe136,PECO2021_redos,PECOe136_CTAGCTTCAA_TGTGTAAGCT,NexteraXT,IlluminaDNARNAUDISetABCDTagmentation
PECOe137,PECO2021_redos,PECOe137_TCCGTTATGT_TTGTAGTGTA,NexteraXT,IlluminaDNARNAUDISetABCDTagmentation
PECOe138,PECO2021_redos,PECOe138_GGTCTATTAA_CCACGACACG,NexteraXT,IlluminaDNARNAUDISetABCDTagmentation
PECOe139,PECO2021_redos,PECOe139_CAGCAATCGT_TGTGATGTAT,NexteraXT,IlluminaDNARNAUDISetABCDTagmentation
PECOe140,PECO2021_redos,PECOe140_TTCTGTAGAA_GAGCGCAATA,NexteraXT,IlluminaDNARNAUDISetABCDTagmentation
PECOe141,PECO2021_redos,PECOe141_GAACGCAATA_ATCTTACTGT,NexteraXT,IlluminaDNARNAUDISetABCDTagmentation
PECOe142,PECO2021_redos,PECOe142_AGTACTCATG_ATGTCGTGGT,NexteraXT,IlluminaDNARNAUDISetABCDTagmentation
PECOe143,PECO2021_redos,PECOe143_GGTAGAATTA_GTAGCCATCA,NexteraXT,IlluminaDNARNAUDISetABCDTagmentation
PECOe144,PECO2021_redos,PECOe144_TAATTAGCGT_TGGTTAAGAA,NexteraXT,IlluminaDNARNAUDISetABCDTagmentation
PECOe145,PECO2021_redos,PECOe145_ATTAACAAGG_TGTTGTTCGT,NexteraXT,IlluminaDNARNAUDISetABCDTagmentation
PECOe146,PECO2021_redos,PECOe146_TGATGGCTAC_CCAACAACAT,NexteraXT,IlluminaDNARNAUDISetABCDTagmentation
PECOe147,PECO2021_redos,PECOe147_GAATTACAAG_ACCGGCTCAG,NexteraXT,IlluminaDNARNAUDISetABCDTagmentation
PECOe148,PECO2021_redos,PECOe148_TAGAATTGGA_GTTAATCTGA,NexteraXT,IlluminaDNARNAUDISetABCDTagmentation
PECOe149,PECO2021_redos,PECOe149_AGGCAGCTCT_CGGCTAACGT,NexteraXT,IlluminaDNARNAUDISetABCDTagmentation
PECOe150,PECO2021_redos,PECOe150_ATCGGCGAAG_TCCAAGAATT,NexteraXT,IlluminaDNARNAUDISetABCDTagmentation
PECOe151,PECO2021_redos,PECOe151_CCGTGACCGA_CCGAACGTTG,NexteraXT,IlluminaDNARNAUDISetABCDTagmentation
PECOe152,PECO2021_redos,PECOe152_ATACTTGTTC_TAACCGCCGA,NexteraXT,IlluminaDNARNAUDISetABCDTagmentation
PECOe153,PECO2021_redos,PECOe153_TCCGCCAATT_CTCCGTGCTG,NexteraXT,IlluminaDNARNAUDISetABCDTagmentation
PECOe154,PECO2021_redos,PECOe154_AGGACAGGCC_CATTCCAGCT,NexteraXT,IlluminaDNARNAUDISetABCDTagmentation
PECOe155,PECO2021_redos,PECOe155_AGAGAACCTA_GGTTATGCTA,NexteraXT,IlluminaDNARNAUDISetABCDTagmentation
PECOe161,PECO2021_redos,PECOe161_GATATTGTGT_ACCACACGGT,NexteraXT,IlluminaDNARNAUDISetABCDTagmentation
PECOe162,PECO2021_redos,PECOe162_CGTACAGGAA_TAGGTTCTCT,NexteraXT,IlluminaDNARNAUDISetABCDTagmentation
PECOe163,PECO2021_redos,PECOe163_CTGCGTTACC_TATGGCTCGA,NexteraXT,IlluminaDNARNAUDISetABCDTagmentation
PECOe164,PECO2021_redos,PECOe164_AGGCCGTGGA_CTCGTGCGTT,NexteraXT,IlluminaDNARNAUDISetABCDTagmentation
PECOe165,PECO2021_redos,PECOe165_AGGAGGTATC_CCAGTTGGCA,NexteraXT,IlluminaDNARNAUDISetABCDTagmentation
PECOe166,PECO2021_redos,PECOe166_GCTGACGTTG_TGTTCGCATT,NexteraXT,IlluminaDNARNAUDISetABCDTagmentation
PECOe167,PECO2021_redos,PECOe167_CTAATAACCG_AACCGCATCG,NexteraXT,IlluminaDNARNAUDISetABCDTagmentation
PECOe168,PECO2021_redos,PECOe168_TCTAGGCGCG_CGAAGGTTAA,NexteraXT,IlluminaDNARNAUDISetABCDTagmentation
PECOe169,PECO2021_redos,PECOe169_ATAGCCAAGA_AGTGCCACTG,NexteraXT,IlluminaDNARNAUDISetABCDTagmentation
PECOe170,PECO2021_redos,PECOe170_TTCGGTGTGA_GAACAAGTAT,NexteraXT,IlluminaDNARNAUDISetABCDTagmentation
PECOe171,PECO2021_redos,PECOe171_ATGTAACGTT_ACGATTGCTG,NexteraXT,IlluminaDNARNAUDISetABCDTagmentation
PECOe172,PECO2021_redos,PECOe172_AACGAGGCCG_ATACCTGGAT,NexteraXT,IlluminaDNARNAUDISetABCDTagmentation
PECOe173,PECO2021_redos,PECOe173_TGGTGTTATG_TCCAATTCTA,NexteraXT,IlluminaDNARNAUDISetABCDTagmentation
PECOe174,PECO2021_redos,PECOe174_TGGCCTCTGT_TGAGACAGCG,NexteraXT,IlluminaDNARNAUDISetABCDTagmentation
PECOe175,PECO2021_redos,PECOe175_CCAGGCACCA_ACGCTAATTA,NexteraXT,IlluminaDNARNAUDISetABCDTagmentation
PECOe176,PECO2021_redos,PECOe176_CCGGTTCCTA_TATATTCGAG,NexteraXT,IlluminaDNARNAUDISetABCDTagmentation
PECOe177,PECO2021_redos,PECOe177_GGCCAATATT_CGGTCCGATA,NexteraXT,IlluminaDNARNAUDISetABCDTagmentation
PECOe178,PECO2021_redos,PECOe178_GAATACCTAT_ACAATAGAGT,NexteraXT,IlluminaDNARNAUDISetABCDTagmentation
PECOe179,PECO2021_redos,PECOe179_TACGTGAAGG_CGGTTATTAG,NexteraXT,IlluminaDNARNAUDISetABCDTagmentation
PECOe180,PECO2021_redos,PECOe180_CTTATTGGCC_GATAACAAGT,NexteraXT,IlluminaDNARNAUDISetABCDTagmentation
PECOe181,PECO2021_redos,PECOe181_ACAACTACTG_AGTTATCACA,NexteraXT,IlluminaDNARNAUDISetABCDTagmentation
PECOe182,PECO2021_redos,PECOe182_GTTGGATGAA_TTCCAGGTAA,NexteraXT,IlluminaDNARNAUDISetABCDTagmentation
PECOe183,PECO2021_redos,PECOe183_AATCCAATTG_CATGTAGAGG,NexteraXT,IlluminaDNARNAUDISetABCDTagmentation
PECOe184,PECO2021_redos,PECOe184_GTGCTAGGTT_TGAATATTGC,NexteraXT,IlluminaDNARNAUDISetABCDTagmentation
PECOe185,PECO2021_redos,PECOe185_ACAGCGACCA_CAGGAGCTCT,NexteraXT,IlluminaDNARNAUDISetABCDTagmentation
PECOe186,PECO2021_redos,PECOe186_TCCACACAGA_TTGTCGGATG,NexteraXT,IlluminaDNARNAUDISetABCDTagmentation
PECOe187,PECO2021_redos,PECOe187_AAGTGTTAGG_GCTAGTTCCG,NexteraXT,IlluminaDNARNAUDISetABCDTagmentation
PECOe188,PECO2021_redos,PECOe188_GATTCTGAAT_AGCGGTGGAC,NexteraXT,IlluminaDNARNAUDISetABCDTagmentation
PECOe189,PECO2021_redos,PECOe189_TAGAGAATAC_TATAGATTCG,NexteraXT,IlluminaDNARNAUDISetABCDTagmentation
PECOe190,PECO2021_redos,PECOe190_TTGTATCAGG_ACAGAGGCCA,NexteraXT,IlluminaDNARNAUDISetABCDTagmentation
PECOe191,PECO2021_redos,PECOe191_CACAGCGGTC_ATTCCTATTG,NexteraXT,IlluminaDNARNAUDISetABCDTagmentation
PECOe192,PECO2021_redos,PECOe192_CCACGCTGAA_TATTCCTCAG,NexteraXT,IlluminaDNARNAUDISetABCDTagmentation
PECOe193,PECO2021_redos,PECOe193_GTTCGGAGTT_CGCCTTCTGA,NexteraXT,IlluminaDNARNAUDISetABCDTagmentation
PECOe194,PECO2021_redos,PECOe194_ATGTCGTATT_TTCTTGCTGG,NexteraXT,IlluminaDNARNAUDISetABCDTagmentation
PECOe195,PECO2021_redos,PECOe195_GCAATATTCA_GGCGCCAATT,NexteraXT,IlluminaDNARNAUDISetABCDTagmentation
PECOe196,PECO2021_redos,PECOe196_CTAGATTGCG_AGATATGGCG,NexteraXT,IlluminaDNARNAUDISetABCDTagmentation
PECOe197,PECO2021_redos,PECOe197_CGATGCGGTT_CCTGCTTGGT,NexteraXT,IlluminaDNARNAUDISetABCDTagmentation
PECOe198,PECO2021_redos,PECOe198_TCCGGACTAG_GACGAACAAT,NexteraXT,IlluminaDNARNAUDISetABCDTagmentation
PECOe199,PECO2021_redos,PECOe199_GTGACGGAGC_TGGCGGTCCA,NexteraXT,IlluminaDNARNAUDISetABCDTagmentation
PECOe200,PECO2021_redos,PECOe200_AATTCCATCT_CTTCAGTTAC,NexteraXT,IlluminaDNARNAUDISetABCDTagmentation
PECOe201,PECO2021_redos,PECOe201_TTAACGGTGT_TCCTGACCGT,NexteraXT,IlluminaDNARNAUDISetABCDTagmentation
PECOe202,PECO2021_redos,PECOe202_ACTTGTTATC_CGCGCCTAGA,NexteraXT,IlluminaDNARNAUDISetABCDTagmentation
PECOe203,PECO2021_redos,PECOe203_CGTGTACCAG_AGGATAAGTT,NexteraXT,IlluminaDNARNAUDISetABCDTagmentation
PECOe204,PECO2021_redos,PECOe204_TTAACCTTCG_AGGCCAGACA,NexteraXT,IlluminaDNARNAUDISetABCDTagmentation
PECOe205,PECO2021_redos,PECOe205_CATATGCGAT_CCTTGAACGG,NexteraXT,IlluminaDNARNAUDISetABCDTagmentation
PECOe206,PECO2021_redos,PECOe206_AGCCTATGAT_CACCACCTAC,NexteraXT,IlluminaDNARNAUDISetABCDTagmentation
PECOe207,PECO2021_redos,PECOe207_TATGACAATC_TTGCTTGTAT,NexteraXT,IlluminaDNARNAUDISetABCDTagmentation
PECOe208,PECO2021_redos,PECOe208_ATGTTGTTGG_CAATCTATGA,NexteraXT,IlluminaDNARNAUDISetABCDTagmentation
PECOe209,PECO2021_redos,PECOe209_GCACCACCAA_TGGTACTGAT,NexteraXT,IlluminaDNARNAUDISetABCDTagmentation
PECOe210,PECO2021_redos,PECOe210_AGGCGTTCGC_TTCATCCAAC,NexteraXT,IlluminaDNARNAUDISetABCDTagmentation
pecoe211,PECO2021_redos,pecoe211_CCTCCGGTTG_CATAACACCA,NexteraXT,IlluminaDNARNAUDISetABCDTagmentation
pecoe212,PECO2021_redos,pecoe212_GTCCACCGCT_TCCTATTAGC,NexteraXT,IlluminaDNARNAUDISetABCDTagmentation
PECOe213,PECO2021_redos,PECOe213_ATTGTTCGTC_TCTCTAGATT,NexteraXT,IlluminaDNARNAUDISetABCDTagmentation
PECOe214,PECO2021_redos,PECOe214_GGACCAGTGG_CGCGAGCCTA,NexteraXT,IlluminaDNARNAUDISetABCDTagmentation
pecoe215,PECO2021_redos,pecoe215_CCTTCTAACA_GATAAGCTCT,NexteraXT,IlluminaDNARNAUDISetABCDTagmentation
PECOe216,PECO2021_redos,PECOe216_CTCGAATATA_GAGATGTCGA,NexteraXT,IlluminaDNARNAUDISetABCDTagmentation
PECOe217,PECO2021_redos,PECOe217_GATCGTCGCG_CTGGATATGT,NexteraXT,IlluminaDNARNAUDISetABCDTagmentation
PECOe218,PECO2021_redos,PECOe218_CCGACCTGTC_TGCTCATAAC,NexteraXT,IlluminaDNARNAUDISetABCDTagmentation
PECOe219,PECO2021_redos,PECOe219_CGCTGTCTCA_ATTACTCACC,NexteraXT,IlluminaDNARNAUDISetABCDTagmentation
PECOe220,PECO2021_redos,PECOe220_AATGCGAACA_AATTGGCGGA,NexteraXT,IlluminaDNARNAUDISetABCDTagmentation
PECOe221,PECO2021_redos,PECOe221_AATTCTTGGA_TTGTCAACTT,NexteraXT,IlluminaDNARNAUDISetABCDTagmentation
PECOe222,PECO2021_redos,PECOe222_TTCCTACAGC_GGCGAATTCT,NexteraXT,IlluminaDNARNAUDISetABCDTagmentation
PECOe223,PECO2021_redos,PECOe223_ATCCAGGTAT_CAACGTCAGC,NexteraXT,IlluminaDNARNAUDISetABCDTagmentation
PECOe224,PECO2021_redos,PECOe224_ACGGTCCAAC_TCTTACATCA,NexteraXT,IlluminaDNARNAUDISetABCDTagmentation
PECOe225,PECO2021_redos,PECOe225_GTAACTTGGT_CGCCATACCT,NexteraXT,IlluminaDNARNAUDISetABCDTagmentation
PECOe226,PECO2021_redos,PECOe226_AGCGCCACAC_CTAATGTCTT,NexteraXT,IlluminaDNARNAUDISetABCDTagmentation
PECOe227,PECO2021_redos,PECOe227_TGCTACTGCC_CAACCGGAGG,NexteraXT,IlluminaDNARNAUDISetABCDTagmentation
PECOe228,PECO2021_redos,PECOe228_CAACACCGCA_GGCAGTAGCA,NexteraXT,IlluminaDNARNAUDISetABCDTagmentation
PECOe229,PECO2021_redos,PECOe229_CACCTTAATC_TTAGGATAGA,NexteraXT,IlluminaDNARNAUDISetABCDTagmentation
PECOe230,PECO2021_redos,PECOe230_TTGAATGTTG_CGCAATCTAG,NexteraXT,IlluminaDNARNAUDISetABCDTagmentation
NEG_PCR2_2021,PECO2021_redos,NEG_PCR2_2021_CCGGTAACAC_GAGTTGTACT,NexteraXT,IlluminaDNARNAUDISetABCDTagmentation
PECOe232,PECO2021_redos,PECOe232_ATCGTTACGG_GCTCCGGAAG,NexteraXT,IlluminaDNARNAUDISetABCDTagmentation
PECOe233,PECO2021_redos,PECOe233_TCCTACGTCA_TACTTAAGTG,NexteraXT,IlluminaDNARNAUDISetABCDTagmentation
PECOe234,PECO2021_redos,PECOe234_GTTATATCGC_AAGACAAGGA,NexteraXT,IlluminaDNARNAUDISetABCDTagmentation
PECOe235,PECO2021_redos,PECOe235_GTTGGCCATC_TGACATTCGT,NexteraXT,IlluminaDNARNAUDISetABCDTagmentation
PECOe236,PECO2021_redos,PECOe236_TCCTGGTTGT_CTGACCGGCA,NexteraXT,IlluminaDNARNAUDISetABCDTagmentation
PECOe237,PECO2021_redos,PECOe237_TAATTCTGCT_TCTCATCAAT,NexteraXT,IlluminaDNARNAUDISetABCDTagmentation
PECOe238,PECO2021_redos,PECOe238_CGCACGACTG_GGACCAACAG,NexteraXT,IlluminaDNARNAUDISetABCDTagmentation
PECOe239,PECO2021_redos,PECOe239_GAGGTTAGAC_AATGTATTGC,NexteraXT,IlluminaDNARNAUDISetABCDTagmentation
PECOe240,PECO2021_redos,PECOe240_AACCGAGTTC_GATCTCTGGA,NexteraXT,IlluminaDNARNAUDISetABCDTagmentation
PECOe241,PECO2021_redos,PECOe241_TGTGATAACT_CAGGCGCCAT,NexteraXT,IlluminaDNARNAUDISetABCDTagmentation
PECOe242,PECO2021_redos,PECOe242_AGTATGCTAC_TTAATAGACC,NexteraXT,IlluminaDNARNAUDISetABCDTagmentation
PECOe243,PECO2021_redos,PECOe243_GTAACTGAAG_GGAGTCGCGA,NexteraXT,IlluminaDNARNAUDISetABCDTagmentation
PECOe244,PECO2021_redos,PECOe244_TCCTCGGACT_AACGCCAGAG,NexteraXT,IlluminaDNARNAUDISetABCDTagmentation
PECOe245,PECO2021_redos,PECOe245_CTGGAACTGT_CGTAATTAAC,NexteraXT,IlluminaDNARNAUDISetABCDTagmentation
PECOe280,PECO2021_redos,PECOe280_GAATATGCGG_ACGAGACTGA,NexteraXT,IlluminaDNARNAUDISetABCDTagmentation
PECOe281,PECO2021_redos,PECOe281_GATCGGATAA_GTATCGGCCG,NexteraXT,IlluminaDNARNAUDISetABCDTagmentation
PECOe282,PECO2021_redos,PECOe282_GCTAGACTAT_AATACGACAT,NexteraXT,IlluminaDNARNAUDISetABCDTagmentation
PECOe283,PECO2021_redos,PECOe283_AGCTACTATA_GTTATATGGC,NexteraXT,IlluminaDNARNAUDISetABCDTagmentation
PECOe284,PECO2021_redos,PECOe284_CCACCGGAGT_GCCTGCCATG,NexteraXT,IlluminaDNARNAUDISetABCDTagmentation
PECOe285,PECO2021_redos,PECOe285_CTTACCGCAC_TAAGACCTAT,NexteraXT,IlluminaDNARNAUDISetABCDTagmentation
PECOe286,PECO2021_redos,PECOe286_TTAGGATATC_TATACCATGG,NexteraXT,IlluminaDNARNAUDISetABCDTagmentation
PECOe287,PECO2021_redos,PECOe287_TTATACGCGA_GCCGTCTGTT,NexteraXT,IlluminaDNARNAUDISetABCDTagmentation
PECOe288,PECO2021_redos,PECOe288_CGCTTAGAAT_CAGAGTGATA,NexteraXT,IlluminaDNARNAUDISetABCDTagmentation
PECOe289,PECO2021_redos,PECOe289_CCGAAGCGCT_TGCTAACTAT,NexteraXT,IlluminaDNARNAUDISetABCDTagmentation
PECOe290,PECO2021_redos,PECOe290_CACTATCAAC_TCAGTTAATG,NexteraXT,IlluminaDNARNAUDISetABCDTagmentation
PECOe291,PECO2021_redos,PECOe291_CATCTACGTA_TGTAATTGAG,NexteraXT,IlluminaDNARNAUDISetABCDTagmentation
PECOe292,PECO2021_redos,PECOe292_TTACAGTTAG_ACATGCATAT,NexteraXT,IlluminaDNARNAUDISetABCDTagmentation
PECOe293,PECO2021_redos,PECOe293_CTAAGTACGC_AACATACCTA,NexteraXT,IlluminaDNARNAUDISetABCDTagmentation
PECOe294,PECO2021_redos,PECOe294_CTAGAGCGCA_GCTTCTAGCA,NexteraXT,IlluminaDNARNAUDISetABCDTagmentation
PECOe295,PECO2021_redos,PECOe295_TCGATCACGC_CATAGAGCCT,NexteraXT,IlluminaDNARNAUDISetABCDTagmentation
PECOe296,PECO2021_redos,PECOe296_AACCTGGCTC_TGAGTATGTT,NexteraXT,IlluminaDNARNAUDISetABCDTagmentation
PECOe297,PECO2021_redos,PECOe297_TTATGGAAGT_GACAATAACA,NexteraXT,IlluminaDNARNAUDISetABCDTagmentation
PECOe298,PECO2021_redos,PECOe298_TAGTGGAAGC_AGTACCTATA,NexteraXT,IlluminaDNARNAUDISetABCDTagmentation
PECOe299,PECO2021_redos,PECOe299_CGCCATATCT_GACCGGAGAT,NexteraXT,IlluminaDNARNAUDISetABCDTagmentation
PECOe300,PECO2021_redos,PECOe300_GCAGCCTCAA_TAAGTGCTAG,NexteraXT,IlluminaDNARNAUDISetABCDTagmentation
PECOe301,PECO2021_redos,PECOe301_ACTAGCGCTA_TTACTTCCTC,NexteraXT,IlluminaDNARNAUDISetABCDTagmentation
PECOe302,PECO2021_redos,PECOe302_GCTCTTAACT_CACGTCCACC,NexteraXT,IlluminaDNARNAUDISetABCDTagmentation
PECOe303,PECO2021_redos,PECOe303_GTGGTATCTG_GCTACTATCT,NexteraXT,IlluminaDNARNAUDISetABCDTagmentation
PECOe304,PECO2021_redos,PECOe304_TGACGGCCGT_AGTCAACCAT,NexteraXT,IlluminaDNARNAUDISetABCDTagmentation
PECOe305,PECO2021_redos,PECOe305_CAGTAATTAC_CGAGGCGGTA,NexteraXT,IlluminaDNARNAUDISetABCDTagmentation
PECOe306,PECO2021_redos,PECOe306_TACAAGACTT_CAGGTGTTCA,NexteraXT,IlluminaDNARNAUDISetABCDTagmentation
PECOe307,PECO2021_redos,PECOe307_CTGTGGTGAC_GACAGACAGG,NexteraXT,IlluminaDNARNAUDISetABCDTagmentation
PECOe308,PECO2021_redos,PECOe308_CTCCACTAAT_TGTACTTGTT,NexteraXT,IlluminaDNARNAUDISetABCDTagmentation
PECOe309,PECO2021_redos,PECOe309_ATAGTTAGCA_CTCTAAGTAG,NexteraXT,IlluminaDNARNAUDISetABCDTagmentation
PECOe310,PECO2021_redos,PECOe310_ATAGGTCTTA_GTCACCACAG,NexteraXT,IlluminaDNARNAUDISetABCDTagmentation
PECOe311,PECO2021_redos,PECOe311_TTCTTAACCA_TCTACATACC,NexteraXT,IlluminaDNARNAUDISetABCDTagmentation
PECOe312,PECO2021_redos,PECOe312_AAGGAAGAGT_CACGTTAGGC,NexteraXT,IlluminaDNARNAUDISetABCDTagmentation
PECOe324,PECO2021_redos,PECOe324_GGAAGGAGAC_TGGTGAGTCT,NexteraXT,IlluminaDNARNAUDISetABCDTagmentation
PECOe325,PECO2021_redos,PECOe325_TGAACGCGGA_CTTCGAAGGA,NexteraXT,IlluminaDNARNAUDISetABCDTagmentation
PECOe326,PECO2021_redos,PECOe326_AAGAGAGTCT_TACGAATCTT,NexteraXT,IlluminaDNARNAUDISetABCDTagmentation
PECOe327,PECO2021_redos,PECOe327_TTCATGGTTC_GACATTGTCA,NexteraXT,IlluminaDNARNAUDISetABCDTagmentation
PECOe329,PECO2021_redos,PECOe329_CTCTCGGCTA_TACCAGATCT,NexteraXT,IlluminaDNARNAUDISetABCDTagmentation
PECOe330,PECO2021_redos,PECOe330_CACTAGACCA_ACTGCCTTAT,NexteraXT,IlluminaDNARNAUDISetABCDTagmentation
PECOe331,PECO2021_redos,PECOe331_ATTATCCACT_TACGCACGTA,NexteraXT,IlluminaDNARNAUDISetABCDTagmentation
PECOe332,PECO2021_redos,PECOe332_ATGGCGTGCC_CGCTTGAAGT,NexteraXT,IlluminaDNARNAUDISetABCDTagmentation
PECOe333,PECO2021_redos,PECOe333_TCCAGAGATC_CTGCACTTCA,NexteraXT,IlluminaDNARNAUDISetABCDTagmentation
PECOe335,PECO2021_redos,PECOe335_ATGTCCAGCA_CAGCGGACAA,NexteraXT,IlluminaDNARNAUDISetABCDTagmentation
PECOe336,PECO2021_redos,PECOe336_CAACGTTCGG_GGATCCGCAT,NexteraXT,IlluminaDNARNAUDISetABCDTagmentation
PECOe337,PECO2021_redos,PECOe337_GCGTATTAAT_TGCGGTGTTG,NexteraXT,IlluminaDNARNAUDISetABCDTagmentation
PECOe338,PECO2021_redos,PECOe338_CCGAATCTGG_ATGAATCAAG,NexteraXT,IlluminaDNARNAUDISetABCDTagmentation
PECOe339,PECO2021_redos,PECOe339_TCTCAATACC_GACGTTCGCG,NexteraXT,IlluminaDNARNAUDISetABCDTagmentation
PECOe340,PECO2021_redos,PECOe340_AAGCATCTTG_CATTCAACAA,NexteraXT,IlluminaDNARNAUDISetABCDTagmentation
PECOe341,PECO2021_redos,PECOe341_TCAGTCTCGT_CACGGATTAT,NexteraXT,IlluminaDNARNAUDISetABCDTagmentation
PECOe342,PECO2021_redos,PECOe342_GTATAGAACA_TGTCACAGGA,NexteraXT,IlluminaDNARNAUDISetABCDTagmentation
PECOe343,PECO2021_redos,PECOe343_GTAACAATCT_CTCTGTATAC,NexteraXT,IlluminaDNARNAUDISetABCDTagmentation
PECOe344,PECO2021_redos,PECOe344_CCATGGTATA_TCTCGCGGAG,NexteraXT,IlluminaDNARNAUDISetABCDTagmentation
PECOe345,PECO2021_redos,PECOe345_TCATACCGTT_GGTAACGCAG,NexteraXT,IlluminaDNARNAUDISetABCDTagmentation
PECOe346,PECO2021_redos,PECOe346_GGCGCCATTG_ACCGCGCAAT,NexteraXT,IlluminaDNARNAUDISetABCDTagmentation
PECOe347,PECO2021_redos,PECOe347_AGCGAATTAG_AGCCGGAACA,NexteraXT,IlluminaDNARNAUDISetABCDTagmentation
PECOe348,PECO2021_redos,PECOe348_TTAGACCATG_TCCTAGGAAG,NexteraXT,IlluminaDNARNAUDISetABCDTagmentation
PECOe349,PECO2021_redos,PECOe349_CACACAGTAT_TTGAGCCTAA,NexteraXT,IlluminaDNARNAUDISetABCDTagmentation
PECOe351,PECO2021_redos,PECOe351_TCTTGTCGGC_CCACCTGTGT,NexteraXT,IlluminaDNARNAUDISetABCDTagmentation
PECOe352,PECO2021_redos,PECOe352_CTAACCGAGA_TCGATGCGCG,NexteraXT,IlluminaDNARNAUDISetABCDTagmentation
PECOe353,PECO2021_redos,PECOe353_AGTGTCTAGG_CCTAGAAGCA,NexteraXT,IlluminaDNARNAUDISetABCDTagmentation
PECOe354,PECO2021_redos,PECOe354_GAGGAGCTTC_GACGTATACA,NexteraXT,IlluminaDNARNAUDISetABCDTagmentation
PECOe355,PECO2021_redos,PECOe355_TCATCTACTA_TAGGCGACTT,NexteraXT,IlluminaDNARNAUDISetABCDTagmentation
PECOe356,PECO2021_redos,PECOe356_GTAGGCGAGC_TAGGAGCGCA,NexteraXT,IlluminaDNARNAUDISetABCDTagmentation
PECOe357,PECO2021_redos,PECOe357_AACTTATCCT_GTACTGGCGT,NexteraXT,IlluminaDNARNAUDISetABCDTagmentation
PECOe358,PECO2021_redos,PECOe358_ATTATGTCTC_AGTTAAGAGC,NexteraXT,IlluminaDNARNAUDISetABCDTagmentation
PECOe359,PECO2021_redos,PECOe359_TATAACAGCT_TCGCGTATAA,NexteraXT,IlluminaDNARNAUDISetABCDTagmentation
PECOe360,PECO2021_redos,PECOe360_CCAATGATAC_GAGTGTGCCG,NexteraXT,IlluminaDNARNAUDISetABCDTagmentation
PECOe361,PECO2021_redos,PECOe361_GAGGCCTATT_CTAGTCCGGA,NexteraXT,IlluminaDNARNAUDISetABCDTagmentation
PECOe362,PECO2021_redos,PECOe362_AGCTAAGCGG_ATTAATACGC,NexteraXT,IlluminaDNARNAUDISetABCDTagmentation
PECOe363,PECO2021_redos,PECOe363_CTTCCTAGGA_CCTAGAGTAT,NexteraXT,IlluminaDNARNAUDISetABCDTagmentation
PECOe364,PECO2021_redos,PECOe364_CGATCTGTGA_TAGGAAGACT,NexteraXT,IlluminaDNARNAUDISetABCDTagmentation
PECOe365,PECO2021_redos,PECOe365_GTGGACAAGT_CCGTGGCCTT,NexteraXT,IlluminaDNARNAUDISetABCDTagmentation
PECOe366,PECO2021_redos,PECOe366_AACAAGTACA_GGATATATCC,NexteraXT,IlluminaDNARNAUDISetABCDTagmentation
PECOe367,PECO2021_redos,PECOe367_AGATTAAGTG_CACCTCTTGG,NexteraXT,IlluminaDNARNAUDISetABCDTagmentation
PECOe368,PECO2021_redos,PECOe368_TATCACTCTG_AACGTTACAT,NexteraXT,IlluminaDNARNAUDISetABCDTagmentation
PECOe369,PECO2021_redos,PECOe369_AGAATTCGCC_CGGCAAGCTC,NexteraXT,IlluminaDNARNAUDISetABCDTagmentation
PECOe370,PECO2021_redos,PECOe370_CCTGACCACT_TCTTGGCTAT,NexteraXT,IlluminaDNARNAUDISetABCDTagmentation
PECOe371,PECO2021_redos,PECOe371_AGCTGGAATG_ACGGAATGCG,NexteraXT,IlluminaDNARNAUDISetABCDTagmentation
PECOe372,PECO2021_redos,PECOe372_CCTTGGCATC_GACCGATTCG,NexteraXT,IlluminaDNARNAUDISetABCDTagmentation
PECOe373,PECO2021_redos,PECOe373_TATAGGTACT_TAGGTGAGAT,NexteraXT,IlluminaDNARNAUDISetABCDTagmentation
PECOe374,PECO2021_redos,PECOe374_CAAGTCTACA_CACGTACGTG,NexteraXT,IlluminaDNARNAUDISetABCDTagmentation
NegPCR3_2021,PECO2021_redos,NegPCR3_2021_GAGAAGAGGA_TTGACCTAAC,NexteraXT,IlluminaDNARNAUDISetABCDTagmentation
PECOe377,PECO2021_redos,PECOe377_AGATAGTAGC_GGCACGCCAT,NexteraXT,IlluminaDNARNAUDISetABCDTagmentation
PECOe378,PECO2021_redos,PECOe378_ATTAGAAGAC_GCAGGCTGGA,NexteraXT,IlluminaDNARNAUDISetABCDTagmentation
PECOe379,PECO2021_redos,PECOe379_GCTCGCACAT_ATGGCTTAAT,NexteraXT,IlluminaDNARNAUDISetABCDTagmentation
PECOe380,PECO2021_redos,PECOe380_AATATTGCCA_CGGTGACACC,NexteraXT,IlluminaDNARNAUDISetABCDTagmentation
PECOe381,PECO2021_redos,PECOe381_TCGTGCATTC_GCGTTGGTAT,NexteraXT,IlluminaDNARNAUDISetABCDTagmentation
PECOe382,PECO2021_redos,PECOe382_AAGATACACG_TGTGCTAACA,NexteraXT,IlluminaDNARNAUDISetABCDTagmentation
PECOe383,PECO2021_redos,PECOe383_TGCAATGAAT_CCAGAAGTAA,NexteraXT,IlluminaDNARNAUDISetABCDTagmentation
PECOe384,PECO2021_redos,PECOe384_CTATGAAGGA_CTTATACCTG,NexteraXT,IlluminaDNARNAUDISetABCDTagmentation
PECOe385,PECO2021_redos,PECOe385_GAAGACTAGA_ACTAGAACTT,NexteraXT,IlluminaDNARNAUDISetABCDTagmentation
PECOe386,PECO2021_redos,PECOe386_CCAGGTTATC_GAATGCAGTT,NexteraXT,IlluminaDNARNAUDISetABCDTagmentation
PECOe387,PECO2021_redos,PECOe387_TTCACTCACT_TATCATGAGA,NexteraXT,IlluminaDNARNAUDISetABCDTagmentation
PECOe388,PECO2021_redos,PECOe388_GGTCCGCTTC_CTCACACAAG,NexteraXT,IlluminaDNARNAUDISetABCDTagmentation
PECOe389,PECO2021_redos,PECOe389_TAGTGGCTTG_AGTTACTTGG,NexteraXT,IlluminaDNARNAUDISetABCDTagmentation
PECOe390,PECO2021_redos,PECOe390_ATTGAGGTCC_CGGATTATAT,NexteraXT,IlluminaDNARNAUDISetABCDTagmentation
PECOe391,PECO2021_redos,PECOe391_GGAGAGACTC_TTGAAGCAGA,NexteraXT,IlluminaDNARNAUDISetABCDTagmentation
PECOe392,PECO2021_redos,PECOe392_CCGCTCCGTT_TACGGCGAAG,NexteraXT,IlluminaDNARNAUDISetABCDTagmentation
PECOe393,PECO2021_redos,PECOe393_ATACATCACA_TCTCCATTGA,NexteraXT,IlluminaDNARNAUDISetABCDTagmentation
PECOe394,PECO2021_redos,PECOe394_TAGGTATGTT_CGAGACCAAG,NexteraXT,IlluminaDNARNAUDISetABCDTagmentation
PECOe395,PECO2021_redos,PECOe395_CACCTAGCAC_TGCTGGACAT,NexteraXT,IlluminaDNARNAUDISetABCDTagmentation
PECOe396,PECO2021_redos,PECOe396_TTCAAGTATG_GATGGTATCG,NexteraXT,IlluminaDNARNAUDISetABCDTagmentation
PECOe397,PECO2021_redos,PECOe397_TTAAGACAAG_GGCTTAATTG,NexteraXT,IlluminaDNARNAUDISetABCDTagmentation
PECOe398,PECO2021_redos,PECOe398_CACCTCTCTT_CTCGACTCCT,NexteraXT,IlluminaDNARNAUDISetABCDTagmentation
PECOe399,PECO2021_redos,PECOe399_TTCTCGTGCA_ATACACAGAG,NexteraXT,IlluminaDNARNAUDISetABCDTagmentation
PECOe400,PECO2021_redos,PECOe400_GCTAGGAAGT_TCTCGGACGA,NexteraXT,IlluminaDNARNAUDISetABCDTagmentation
PECOe401,PECO2021_redos,PECOe401_TTAATAGCAC_ACCACGTCTG,NexteraXT,IlluminaDNARNAUDISetABCDTagmentation
PECOe402,PECO2021_redos,PECOe402_CATTCACGCT_GTTGTACTCA,NexteraXT,IlluminaDNARNAUDISetABCDTagmentation
PECOe403,PECO2021_redos,PECOe403_GGCACTAAGG_TCAGGTCAAC,NexteraXT,IlluminaDNARNAUDISetABCDTagmentation
PECOe419,PECO2021_redos,PECOe419_ATTCGGTACA_AGTCCGAGGA,NexteraXT,IlluminaDNARNAUDISetABCDTagmentation
PECOe420,PECO2021_redos,PECOe420_ACTAATCTCC_CACTTAATCT,NexteraXT,IlluminaDNARNAUDISetABCDTagmentation
PECOe421,PECO2021_redos,PECOe421_TGTGTTAGTA_TACTCTGTTA,NexteraXT,IlluminaDNARNAUDISetABCDTagmentation
PECOe422,PECO2021_redos,PECOe422_CAACGACCTA_GCGACTCGAT,NexteraXT,IlluminaDNARNAUDISetABCDTagmentation
PECOe423,PECO2021_redos,PECOe423_CGGTCGGCAT_CTAGGCAAGG,NexteraXT,IlluminaDNARNAUDISetABCDTagmentation
PECOe424,PECO2021_redos,PECOe424_GTAACTCCGC_AATAGAACGG,NexteraXT,IlluminaDNARNAUDISetABCDTagmentation
PECOe425,PECO2021_redos,PECOe425_CTCGTAGGCA_TCATCCTCTT,NexteraXT,IlluminaDNARNAUDISetABCDTagmentation
PECOe426,PECO2021_redos,PECOe426_AAGTTCTAGT_GGTAAGATAA,NexteraXT,IlluminaDNARNAUDISetABCDTagmentation
PECOe427,PECO2021_redos,PECOe427_CCAAGAGGTG_AACGAGCCAG,NexteraXT,IlluminaDNARNAUDISetABCDTagmentation
PECOe428,PECO2021_redos,PECOe428_ATATCTGCTT_TAGACAATCT,NexteraXT,IlluminaDNARNAUDISetABCDTagmentation
PECOe429,PECO2021_redos,PECOe429_TGGATCTGGC_CAATGCTGAA,NexteraXT,IlluminaDNARNAUDISetABCDTagmentation
PECOe430,PECO2021_redos,PECOe430_TTGAATCCAA_GTCACGGTGT,NexteraXT,IlluminaDNARNAUDISetABCDTagmentation
PECOe431,PECO2021_redos,PECOe431_CACGGCTAGT_GGTGTACAAG,NexteraXT,IlluminaDNARNAUDISetABCDTagmentation
PECOe432,PECO2021_redos,PECOe432_GAGCTTGCCG_AGGTTGCAGG,NexteraXT,IlluminaDNARNAUDISetABCDTagmentation
PECOe433,PECO2021_redos,PECOe433_AGCTAGCTTC_TAATACGGAG,NexteraXT,IlluminaDNARNAUDISetABCDTagmentation
PECOe434,PECO2021_redos,PECOe434_CAATCCTTGT_CGAAGACGCA,NexteraXT,IlluminaDNARNAUDISetABCDTagmentation
PECOe435,PECO2021_redos,PECOe435_CACCTGTTGC_ATTGACACAT,NexteraXT,IlluminaDNARNAUDISetABCDTagmentation
PECOe436,PECO2021_redos,PECOe436_CGTCACCTTG_CAGCCGATTG,NexteraXT,IlluminaDNARNAUDISetABCDTagmentation
PECOe437,PECO2021_redos,PECOe437_AATGACTGGT_TCTCACGCGT,NexteraXT,IlluminaDNARNAUDISetABCDTagmentation
PECOe438,PECO2021_redos,PECOe438_ATGATTCCGG_CTCTGACGTG,NexteraXT,IlluminaDNARNAUDISetABCDTagmentation
PECOe439,PECO2021_redos,PECOe439_TTAGGCTCAA_TCGAATGGAA,NexteraXT,IlluminaDNARNAUDISetABCDTagmentation
PECOe440,PECO2021_redos,PECOe440_TGTAAGGTGG_AAGGCCTTGG,NexteraXT,IlluminaDNARNAUDISetABCDTagmentation
PECOe441,PECO2021_redos,PECOe441_CAACTGCAAC_TGAACGCAAC,NexteraXT,IlluminaDNARNAUDISetABCDTagmentation
PECOe442,PECO2021_redos,PECOe442_ACATGAGTGA_CCGCTTAGCT,NexteraXT,IlluminaDNARNAUDISetABCDTagmentation
PECOe443,PECO2021_redos,PECOe443_GCAACCAGTC_CACCGAGGAA,NexteraXT,IlluminaDNARNAUDISetABCDTagmentation
PECOe444,PECO2021_redos,PECOe444_GAGCGACGAT_CGTATAATCA,NexteraXT,IlluminaDNARNAUDISetABCDTagmentation
PECOe445,PECO2021_redos,PECOe445_CGAACGCACC_ATGACAGAAC,NexteraXT,IlluminaDNARNAUDISetABCDTagmentation
PECOe446,PECO2021_redos,PECOe446_TCTTACGCCG_ATTCATTGCA,NexteraXT,IlluminaDNARNAUDISetABCDTagmentation
PECOe447,PECO2021_redos,PECOe447_AGCTGATGTC_TCATGTCCTG,NexteraXT,IlluminaDNARNAUDISetABCDTagmentation
PECOe448,PECO2021_redos,PECOe448_CTGAATTAGT_AATTCGATCG,NexteraXT,IlluminaDNARNAUDISetABCDTagmentation
PECOe449,PECO2021_redos,PECOe449_TAAGGAGGAA_TTCCGACATT,NexteraXT,IlluminaDNARNAUDISetABCDTagmentation
PECOe450,PECO2021_redos,PECOe450_AGCTTACACA_TGGCACGACC,NexteraXT,IlluminaDNARNAUDISetABCDTagmentation
PECOe451,PECO2021_redos,PECOe451_AACCAGCCAC_GCCACAGCAC,NexteraXT,IlluminaDNARNAUDISetABCDTagmentation
PECOe452,PECO2021_redos,PECOe452_CTTAAGTCGA_CAGTAGTTGT,NexteraXT,IlluminaDNARNAUDISetABCDTagmentation
PECOe453,PECO2021_redos,PECOe453_GCCTAACGTG_AGCTCTCAAG,NexteraXT,IlluminaDNARNAUDISetABCDTagmentation
PECOe454,PECO2021_redos,PECOe454_ACTTACTTCA_TCTGGAATTA,NexteraXT,IlluminaDNARNAUDISetABCDTagmentation
PECOe455,PECO2021_redos,PECOe455_CGCATTCCGT_ATTAGTGGAG,NexteraXT,IlluminaDNARNAUDISetABCDTagmentation
pecoe130,PECO2021_redos,pecoe130_GATATCACAC_GACTATATGT,NexteraXT,IlluminaDNARNAUDISetABCDTagmentation
PECOe231,PECO2021_redos,PECOe231_AGCGCTGTGT_CGTTCGGAAC,NexteraXT,IlluminaDNARNAUDISetABCDTagmentation
PECOe375,PECO2021_redos,PECOe375_TCACCGCGCT_TCGATACTAG,NexteraXT,IlluminaDNARNAUDISetABCDTagmentation
PECOXN001,PECO2021_redos,PECOXN001_GATAGCCTTG_TACCACAATG,NexteraXT,IlluminaDNARNAUDISetABCDTagmentation
PECOXN002,PECO2021_redos,PECOXN002_CCTGGACGCA_TGGTATACCA,NexteraXT,IlluminaDNARNAUDISetABCDTagmentation
PECOXN003,PECO2021_redos,PECOXN003_TTACGCACCT_GCTCTCGTTG,NexteraXT,IlluminaDNARNAUDISetABCDTagmentation
PECOXN004,PECO2021_redos,PECOXN004_TCGTTGCTGC_GTCTCGTGAA,NexteraXT,IlluminaDNARNAUDISetABCDTagmentation
PECOXN005A,PECO2021_redos,PECOXN005A_CGACAAGGAT_AAGGCCACCT,NexteraXT,IlluminaDNARNAUDISetABCDTagmentation
PECOXN005B,PECO2021_redos,PECOXN005B_GTGTACCTTC_CTGTGAGCTA,NexteraXT,IlluminaDNARNAUDISetABCDTagmentation
PECOXN006,PECO2021_redos,PECOXN006_ACCTGGCCAA_TCACAGATCG,NexteraXT,IlluminaDNARNAUDISetABCDTagmentation
PECOXN007,PECO2021_redos,PECOXN007_TGTCTGGCCT_AGAAGCCAAT,NexteraXT,IlluminaDNARNAUDISetABCDTagmentation
PECOXN008,PECO2021_redos,PECOXN008_AGTTAATGCT_ACTGCAGCCG,NexteraXT,IlluminaDNARNAUDISetABCDTagmentation
PECOXN009,PECO2021_redos,PECOXN009_GGTGAGTAAT_AACATCTAGT,NexteraXT,IlluminaDNARNAUDISetABCDTagmentation
PECOXN010,PECO2021_redos,PECOXN010_TACTCTGCGC_CCTTACTATG,NexteraXT,IlluminaDNARNAUDISetABCDTagmentation
PECOXN011,PECO2021_redos,PECOXN011_AGGTATGGCG_GTGGCGAGAC,NexteraXT,IlluminaDNARNAUDISetABCDTagmentation
PECOXN012,PECO2021_redos,PECOXN012_TCCAGCCTGC_GCCAGATCCA,NexteraXT,IlluminaDNARNAUDISetABCDTagmentation
PECOXN013,PECO2021_redos,PECOXN013_GATGAATTCA_TGCTGTGATT,NexteraXT,IlluminaDNARNAUDISetABCDTagmentation
PECOXN014,PECO2021_redos,PECOXN014_ATCCGGCAGC_GATCGAATAA,NexteraXT,IlluminaDNARNAUDISetABCDTagmentation
PECOXN015,PECO2021_redos,PECOXN015_ACGAACCATG_ACTGAATTAC,NexteraXT,IlluminaDNARNAUDISetABCDTagmentation
PECOXN016,PECO2021_redos,PECOXN016_CAACCAAGTA_CCATCCACGC,NexteraXT,IlluminaDNARNAUDISetABCDTagmentation
PECOXN017,PECO2021_redos,PECOXN017_GTTGCGTTCA_GTTGCAGTTG,NexteraXT,IlluminaDNARNAUDISetABCDTagmentation
PECOXN018,PECO2021_redos,PECOXN018_CTTCAACCAC_TTATGCGCCT,NexteraXT,IlluminaDNARNAUDISetABCDTagmentation
PECOXN019,PECO2021_redos,PECOXN019_TCTATTCAGT_TCTCAGTACA,NexteraXT,IlluminaDNARNAUDISetABCDTagmentation
PECOXN020,PECO2021_redos,PECOXN020_CAAGACGTCC_AGTATACGGA,NexteraXT,IlluminaDNARNAUDISetABCDTagmentation
NegPCR4_2021,PECO2021_redos,NegPCR4_2021_TGAGTACAAC_ACGCTTGGAC,NexteraXT,IlluminaDNARNAUDISetABCDTagmentation
NegPCR_beadsClean_2021,PECO2021_redos,NegPCR_beadsClean_2021_CCGCGGTTCT_GGAGTAGATT,NexteraXT,IlluminaDNARNAUDISetABCDTagmentation

